GEO;GEO_OBJECT;AGE;SEX;EDUC;STUD_AREA;RP_MEASURE;FREQ;TIME_PERIOD;OBS_VALUE;GEO_str;region_nom
75;REG;Y_GE15;M;700_RP;_Z;POP;A;2022;223297.38364;75;Nouvelle-Aquitaine
27;REG;Y_GE15;_T;700_RP;_Z;POP;A;2022;162058.63332;27;Bourgogne-Franche-Comté
76;REG;Y_GE15;M;200_RP;_Z;POP;A;2022;114268.79588;76;Occitanie
53;REG;Y_GE15;F;500_RP;_Z;POP;A;2022;175077.97707;53;Bretagne
11;REG;Y_GE15;F;200_RP;_Z;POP;A;2022;218839.11356;11;Île-de-France
94;REG;Y_GE15;F;350T351_RP;_Z;POP;A;2022;34849.58707;94;Corse
93;REG;Y_GE15;_T;001T100_RP;_Z;POP;A;2022;759773.27142;93;Provence-Alpes-Côte d'Azur
01;REG;Y_GE15;M;200_RP;_Z;POP;A;2022;6708.03088;01;Guadeloupe
52;REG;Y_GE15;F;350T351_RP;_Z;POP;A;2022;266170.92053;52;Pays de la Loire
94;REG;Y_GE15;M;300_RP;_Z;POP;A;2022;32211.33565;94;Corse
93;REG;Y_GE15;M;350T351_RP;_Z;POP;A;2022;330968.12441;93;Provence-Alpes-Côte d'Azur
44;REG;Y_GE15;F;300_RP;_Z;POP;A;2022;514144.48976;44;Grand Est
75;REG;Y_GE15;F;500_RP;_Z;POP;A;2022;297271.13076;75;Nouvelle-Aquitaine
01;REG;Y_GE15;M;700_RP;_Z;POP;A;2022;8229.93878;01;Guadeloupe
01;REG;Y_GE15;F;500_RP;_Z;POP;A;2022;16958.53119;01;Guadeloupe
02;REG;Y_GE15;_T;_T;_Z;POP;A;2022;278987.9786;02;Martinique
52;REG;Y_GE15;_T;500_RP;_Z;POP;A;2022;344513.68501;52;Pays de la Loire
02;REG;Y_GE15;_T;300_RP;_Z;POP;A;2022;57746.62584;02;Martinique
84;REG;Y_GE15;F;700_RP;_Z;POP;A;2022;356768.81472;84;Auvergne-Rhône-Alpes
11;REG;Y_GE15;F;500_RP;_Z;POP;A;2022;519175.56372;11;Île-de-France
27;REG;Y_GE15;F;300_RP;_Z;POP;A;2022;257990.7531;27;Bourgogne-Franche-Comté
27;REG;Y_GE15;M;700_RP;_Z;POP;A;2022;83740.93963;27;Bourgogne-Franche-Comté
11;REG;Y_GE15;_T;001T100_RP;_Z;POP;A;2022;1528051.1591;11;Île-de-France
02;REG;Y_GE15;F;350T351_RP;_Z;POP;A;2022;29284.18595;02;Martinique
03;REG;Y_GE15;F;300_RP;_Z;POP;A;2022;12420.36959;03;Guyane
01;REG;Y_GE15;F;600_RP;_Z;POP;A;2022;14264.82404;01;Guadeloupe
93;REG;Y_GE15;M;300_RP;_Z;POP;A;2022;475339.88054;93;Provence-Alpes-Côte d'Azur
11;REG;Y_GE15;F;_T;_Z;POP;A;2022;4524475.70688;11;Île-de-France
44;REG;Y_GE15;F;001T100_RP;_Z;POP;A;2022;522035.4037;44;Grand Est
28;REG;Y_GE15;_T;200_RP;_Z;POP;A;2022;131252.1593;28;Normandie
94;REG;Y_GE15;M;350T351_RP;_Z;POP;A;2022;29151.89327;94;Corse
44;REG;Y_GE15;M;200_RP;_Z;POP;A;2022;79918.30849;44;Grand Est
52;REG;Y_GE15;M;700_RP;_Z;POP;A;2022;139997.75878;52;Pays de la Loire
24;REG;Y_GE15;M;001T100_RP;_Z;POP;A;2022;177845.99271;24;Centre-Val de Loire
44;REG;Y_GE15;M;500_RP;_Z;POP;A;2022;217165.87032;44;Grand Est
32;REG;Y_GE15;F;350T351_RP;_Z;POP;A;2022;404856.04966;32;Hauts-de-France
02;REG;Y_GE15;_T;350T351_RP;_Z;POP;A;2022;51583.4306;02;Martinique
44;REG;Y_GE15;M;350T351_RP;_Z;POP;A;2022;354775.96124;44;Grand Est
75;REG;Y_GE15;M;600_RP;_Z;POP;A;2022;174256.43012;75;Nouvelle-Aquitaine
93;REG;Y_GE15;_T;700_RP;_Z;POP;A;2022;468746.89597;93;Provence-Alpes-Côte d'Azur
27;REG;Y_GE15;M;350T351_RP;_Z;POP;A;2022;180590.7867;27;Bourgogne-Franche-Comté
03;REG;Y_GE15;_T;350T351_RP;_Z;POP;A;2022;24730.61967;03;Guyane
84;REG;Y_GE15;_T;200_RP;_Z;POP;A;2022;299113.06557;84;Auvergne-Rhône-Alpes
11;REG;Y_GE15;_T;_T;_Z;POP;A;2022;8660565.13435;11;Île-de-France
75;REG;Y_GE15;F;200_RP;_Z;POP;A;2022;154909.54944;75;Nouvelle-Aquitaine
02;REG;Y_GE15;M;200_RP;_Z;POP;A;2022;7199.17716;02;Martinique
75;REG;Y_GE15;F;700_RP;_Z;POP;A;2022;217030.73251;75;Nouvelle-Aquitaine
02;REG;Y_GE15;M;350T351_RP;_Z;POP;A;2022;22299.24466;02;Martinique
84;REG;Y_GE15;M;300_RP;_Z;POP;A;2022;820057.69901;84;Auvergne-Rhône-Alpes
28;REG;Y_GE15;F;500_RP;_Z;POP;A;2022;146666.84139;28;Normandie
76;REG;Y_GE15;F;600_RP;_Z;POP;A;2022;291349.46531;76;Occitanie
44;REG;Y_GE15;F;700_RP;_Z;POP;A;2022;172791.44129;44;Grand Est
01;REG;Y_GE15;M;300_RP;_Z;POP;A;2022;30830.63954;01;Guadeloupe
28;REG;Y_GE15;_T;600_RP;_Z;POP;A;2022;201308.65413;28;Normandie
28;REG;Y_GE15;F;200_RP;_Z;POP;A;2022;79579.38347;28;Normandie
93;REG;Y_GE15;F;200_RP;_Z;POP;A;2022;132017.64867;93;Provence-Alpes-Côte d'Azur
32;REG;Y_GE15;M;001T100_RP;_Z;POP;A;2022;421568.69988;32;Hauts-de-France
03;REG;Y_GE15;_T;001T100_RP;_Z;POP;A;2022;73430.56875;03;Guyane
32;REG;Y_GE15;F;500_RP;_Z;POP;A;2022;250060.68228;32;Hauts-de-France
28;REG;Y_GE15;F;600_RP;_Z;POP;A;2022;124076.0136;28;Normandie
53;REG;Y_GE15;F;700_RP;_Z;POP;A;2022;123233.60783;53;Bretagne
32;REG;Y_GE15;F;600_RP;_Z;POP;A;2022;221174.81076;32;Hauts-de-France
32;REG;Y_GE15;M;700_RP;_Z;POP;A;2022;185107.07673;32;Hauts-de-France
27;REG;Y_GE15;F;350T351_RP;_Z;POP;A;2022;196149.24622;27;Bourgogne-Franche-Comté
11;REG;Y_GE15;M;_T;_Z;POP;A;2022;4136089.42747;11;Île-de-France
52;REG;Y_GE15;_T;700_RP;_Z;POP;A;2022;268906.46422;52;Pays de la Loire
76;REG;Y_GE15;_T;300_RP;_Z;POP;A;2022;1065544.25545;76;Occitanie
84;REG;Y_GE15;_T;300_RP;_Z;POP;A;2022;1445069.98691;84;Auvergne-Rhône-Alpes
24;REG;Y_GE15;M;700_RP;_Z;POP;A;2022;81001.03896;24;Centre-Val de Loire
53;REG;Y_GE15;F;001T100_RP;_Z;POP;A;2022;242319.36155;53;Bretagne
32;REG;Y_GE15;_T;600_RP;_Z;POP;A;2022;367336.08255;32;Hauts-de-France
44;REG;Y_GE15;_T;300_RP;_Z;POP;A;2022;1170484.06219;44;Grand Est
24;REG;Y_GE15;F;200_RP;_Z;POP;A;2022;62241.1815;24;Centre-Val de Loire
52;REG;Y_GE15;F;600_RP;_Z;POP;A;2022;160680.6507;52;Pays de la Loire
02;REG;Y_GE15;F;_T;_Z;POP;A;2022;154448.05649;02;Martinique
24;REG;Y_GE15;F;_T;_Z;POP;A;2022;1012795.33774;24;Centre-Val de Loire
27;REG;Y_GE15;M;001T100_RP;_Z;POP;A;2022;193568.18182;27;Bourgogne-Franche-Comté
52;REG;Y_GE15;_T;600_RP;_Z;POP;A;2022;270902.03866;52;Pays de la Loire
24;REG;Y_GE15;_T;350T351_RP;_Z;POP;A;2022;338793.89692;24;Centre-Val de Loire
75;REG;Y_GE15;M;_T;_Z;POP;A;2022;2231815.50629;75;Nouvelle-Aquitaine
44;REG;Y_GE15;_T;700_RP;_Z;POP;A;2022;360162.85431;44;Grand Est
02;REG;Y_GE15;M;500_RP;_Z;POP;A;2022;10465.9784;02;Martinique
24;REG;Y_GE15;M;350T351_RP;_Z;POP;A;2022;158223.64754;24;Centre-Val de Loire
24;REG;Y_GE15;M;300_RP;_Z;POP;A;2022;308149.65177;24;Centre-Val de Loire
75;REG;Y_GE15;M;350T351_RP;_Z;POP;A;2022;406267.85472;75;Nouvelle-Aquitaine
53;REG;Y_GE15;M;300_RP;_Z;POP;A;2022;374993.53056;53;Bretagne
93;REG;Y_GE15;_T;_T;_Z;POP;A;2022;3911215.6581;93;Provence-Alpes-Côte d'Azur
76;REG;Y_GE15;M;350T351_RP;_Z;POP;A;2022;395422.94725;76;Occitanie
11;REG;Y_GE15;_T;300_RP;_Z;POP;A;2022;1341683.70646;11;Île-de-France
75;REG;Y_GE15;F;600_RP;_Z;POP;A;2022;271638.71924;75;Nouvelle-Aquitaine
27;REG;Y_GE15;_T;001T100_RP;_Z;POP;A;2022;457810.91489;27;Bourgogne-Franche-Comté
52;REG;Y_GE15;F;001T100_RP;_Z;POP;A;2022;315890.92962;52;Pays de la Loire
03;REG;Y_GE15;F;350T351_RP;_Z;POP;A;2022;12824.22228;03;Guyane
84;REG;Y_GE15;_T;600_RP;_Z;POP;A;2022;626189.93345;84;Auvergne-Rhône-Alpes
94;REG;Y_GE15;_T;700_RP;_Z;POP;A;2022;22015.75195;94;Corse
02;REG;Y_GE15;M;_T;_Z;POP;A;2022;124539.92211;02;Martinique
75;REG;Y_GE15;_T;700_RP;_Z;POP;A;2022;440328.11615;75;Nouvelle-Aquitaine
01;REG;Y_GE15;M;350T351_RP;_Z;POP;A;2022;22665.04008;01;Guadeloupe
24;REG;Y_GE15;F;350T351_RP;_Z;POP;A;2022;180570.24938;24;Centre-Val de Loire
76;REG;Y_GE15;M;001T100_RP;_Z;POP;A;2022;375946.46595;76;Occitanie
24;REG;Y_GE15;M;500_RP;_Z;POP;A;2022;99128.53871;24;Centre-Val de Loire
53;REG;Y_GE15;M;500_RP;_Z;POP;A;2022;152189.21815;53;Bretagne
28;REG;Y_GE15;F;300_RP;_Z;POP;A;2022;302106.14077;28;Normandie
02;REG;Y_GE15;M;700_RP;_Z;POP;A;2022;8392.60039;02;Martinique
27;REG;Y_GE15;F;500_RP;_Z;POP;A;2022;127662.89521;27;Bourgogne-Franche-Comté
53;REG;Y_GE15;M;_T;_Z;POP;A;2022;1231667.81708;53;Bretagne
27;REG;Y_GE15;M;300_RP;_Z;POP;A;2022;346238.36132;27;Bourgogne-Franche-Comté
24;REG;Y_GE15;_T;_T;_Z;POP;A;2022;1942603.31852;24;Centre-Val de Loire
24;REG;Y_GE15;M;_T;_Z;POP;A;2022;929807.98078;24;Centre-Val de Loire
27;REG;Y_GE15;_T;300_RP;_Z;POP;A;2022;604229.11442;27;Bourgogne-Franche-Comté
52;REG;Y_GE15;_T;350T351_RP;_Z;POP;A;2022;512997.09269;52;Pays de la Loire
32;REG;Y_GE15;M;350T351_RP;_Z;POP;A;2022;373944.27767;32;Hauts-de-France
28;REG;Y_GE15;M;_T;_Z;POP;A;2022;1189067.72513;28;Normandie
52;REG;Y_GE15;_T;_T;_Z;POP;A;2022;2858732.80843;52;Pays de la Loire
03;REG;Y_GE15;F;_T;_Z;POP;A;2022;86598.69708;03;Guyane
94;REG;Y_GE15;F;_T;_Z;POP;A;2022;143471.21922;94;Corse
75;REG;Y_GE15;_T;500_RP;_Z;POP;A;2022;544445.25851;75;Nouvelle-Aquitaine
94;REG;Y_GE15;_T;500_RP;_Z;POP;A;2022;27722.57539;94;Corse
04;REG;Y_GE15;F;350T351_RP;_Z;POP;A;2022;58443.21473;04;La Réunion
11;REG;Y_GE15;_T;500_RP;_Z;POP;A;2022;937757.58454;11;Île-de-France
53;REG;Y_GE15;F;350T351_RP;_Z;POP;A;2022;252287.62646;53;Bretagne
11;REG;Y_GE15;M;700_RP;_Z;POP;A;2022;1023468.06286;11;Île-de-France
76;REG;Y_GE15;F;500_RP;_Z;POP;A;2022;295371.57192;76;Occitanie
27;REG;Y_GE15;F;001T100_RP;_Z;POP;A;2022;264242.73308;27;Bourgogne-Franche-Comté
93;REG;Y_GE15;_T;600_RP;_Z;POP;A;2022;402441.4705;93;Provence-Alpes-Côte d'Azur
53;REG;Y_GE15;F;600_RP;_Z;POP;A;2022;162345.81257;53;Bretagne
24;REG;Y_GE15;F;300_RP;_Z;POP;A;2022;231072.25944;24;Centre-Val de Loire
03;REG;Y_GE15;_T;500_RP;_Z;POP;A;2022;10813.05098;03;Guyane
32;REG;Y_GE15;_T;_T;_Z;POP;A;2022;4349540.67182;32;Hauts-de-France
52;REG;Y_GE15;M;001T100_RP;_Z;POP;A;2022;221699.85012;52;Pays de la Loire
01;REG;Y_GE15;M;001T100_RP;_Z;POP;A;2022;41063.09031;01;Guadeloupe
11;REG;Y_GE15;M;350T351_RP;_Z;POP;A;2022;666059.05456;11;Île-de-France
76;REG;Y_GE15;_T;700_RP;_Z;POP;A;2022;517724.77978;76;Occitanie
02;REG;Y_GE15;F;300_RP;_Z;POP;A;2022;28616.01501;02;Martinique
32;REG;Y_GE15;_T;001T100_RP;_Z;POP;A;2022;1018827.56539;32;Hauts-de-France
32;REG;Y_GE15;F;_T;_Z;POP;A;2022;2272762.35139;32;Hauts-de-France
11;REG;Y_GE15;_T;200_RP;_Z;POP;A;2022;390892.21834;11;Île-de-France
11;REG;Y_GE15;M;500_RP;_Z;POP;A;2022;418582.02083;11;Île-de-France
03;REG;Y_GE15;M;600_RP;_Z;POP;A;2022;5279.02068;03;Guyane
76;REG;Y_GE15;F;200_RP;_Z;POP;A;2022;156137.13253;76;Occitanie
53;REG;Y_GE15;_T;_T;_Z;POP;A;2022;2565254.87862;53;Bretagne
32;REG;Y_GE15;F;300_RP;_Z;POP;A;2022;478655.3139;32;Hauts-de-France
03;REG;Y_GE15;M;350T351_RP;_Z;POP;A;2022;11906.39738;03;Guyane
03;REG;Y_GE15;F;500_RP;_Z;POP;A;2022;5812.97023;03;Guyane
52;REG;Y_GE15;_T;300_RP;_Z;POP;A;2022;784965.0794;52;Pays de la Loire
84;REG;Y_GE15;F;200_RP;_Z;POP;A;2022;177688.83417;84;Auvergne-Rhône-Alpes
03;REG;Y_GE15;F;700_RP;_Z;POP;A;2022;6099.42179;03;Guyane
84;REG;Y_GE15;M;700_RP;_Z;POP;A;2022;379330.18949;84;Auvergne-Rhône-Alpes
94;REG;Y_GE15;F;200_RP;_Z;POP;A;2022;12161.05514;94;Corse
44;REG;Y_GE15;_T;001T100_RP;_Z;POP;A;2022;888015.50088;44;Grand Est
53;REG;Y_GE15;_T;600_RP;_Z;POP;A;2022;270772.50134;53;Bretagne
94;REG;Y_GE15;F;001T100_RP;_Z;POP;A;2022;27884.04689;94;Corse
04;REG;Y_GE15;F;200_RP;_Z;POP;A;2022;18288.03587;04;La Réunion
93;REG;Y_GE15;F;700_RP;_Z;POP;A;2022;226341.78097;93;Provence-Alpes-Côte d'Azur
01;REG;Y_GE15;F;200_RP;_Z;POP;A;2022;9271.48562;01;Guadeloupe
52;REG;Y_GE15;F;_T;_Z;POP;A;2022;1481635.02844;52;Pays de la Loire
53;REG;Y_GE15;M;600_RP;_Z;POP;A;2022;108426.68878;53;Bretagne
75;REG;Y_GE15;_T;350T351_RP;_Z;POP;A;2022;867413.1849;75;Nouvelle-Aquitaine
52;REG;Y_GE15;M;350T351_RP;_Z;POP;A;2022;246826.17216;52;Pays de la Loire
44;REG;Y_GE15;F;_T;_Z;POP;A;2022;2157650.66306;44;Grand Est
04;REG;Y_GE15;M;500_RP;_Z;POP;A;2022;22062.25816;04;La Réunion
84;REG;Y_GE15;M;600_RP;_Z;POP;A;2022;244226.33588;84;Auvergne-Rhône-Alpes
84;REG;Y_GE15;M;200_RP;_Z;POP;A;2022;121424.2314;84;Auvergne-Rhône-Alpes
02;REG;Y_GE15;F;700_RP;_Z;POP;A;2022;12324.96697;02;Martinique
93;REG;Y_GE15;M;700_RP;_Z;POP;A;2022;242405.115;93;Provence-Alpes-Côte d'Azur
93;REG;Y_GE15;M;600_RP;_Z;POP;A;2022;155713.08884;93;Provence-Alpes-Côte d'Azur
01;REG;Y_GE15;M;600_RP;_Z;POP;A;2022;7940.61933;01;Guadeloupe
02;REG;Y_GE15;F;200_RP;_Z;POP;A;2022;9750.30256;02;Martinique
93;REG;Y_GE15;F;350T351_RP;_Z;POP;A;2022;399072.13525;93;Provence-Alpes-Côte d'Azur
27;REG;Y_GE15;M;200_RP;_Z;POP;A;2022;45328.08365;27;Bourgogne-Franche-Comté
01;REG;Y_GE15;_T;200_RP;_Z;POP;A;2022;15979.5165;01;Guadeloupe
04;REG;Y_GE15;M;001T100_RP;_Z;POP;A;2022;97619.10497;04;La Réunion
84;REG;Y_GE15;M;_T;_Z;POP;A;2022;2887240.05893;84;Auvergne-Rhône-Alpes
01;REG;Y_GE15;_T;300_RP;_Z;POP;A;2022;59767.44284;01;Guadeloupe
27;REG;Y_GE15;F;700_RP;_Z;POP;A;2022;78317.69369;27;Bourgogne-Franche-Comté
11;REG;Y_GE15;F;700_RP;_Z;POP;A;2022;965466.43151;11;Île-de-France
94;REG;Y_GE15;M;600_RP;_Z;POP;A;2022;10545.1323;94;Corse
76;REG;Y_GE15;M;700_RP;_Z;POP;A;2022;268124.31326;76;Occitanie
28;REG;Y_GE15;F;700_RP;_Z;POP;A;2022;93277.44289;28;Normandie
01;REG;Y_GE15;_T;500_RP;_Z;POP;A;2022;27852.93063;01;Guadeloupe
04;REG;Y_GE15;F;500_RP;_Z;POP;A;2022;27635.92657;04;La Réunion
24;REG;Y_GE15;F;001T100_RP;_Z;POP;A;2022;244684.47473;24;Centre-Val de Loire
76;REG;Y_GE15;_T;001T100_RP;_Z;POP;A;2022;842261.77541;76;Occitanie
44;REG;Y_GE15;M;700_RP;_Z;POP;A;2022;187371.41303;44;Grand Est
24;REG;Y_GE15;_T;001T100_RP;_Z;POP;A;2022;422530.46744;24;Centre-Val de Loire
52;REG;Y_GE15;_T;200_RP;_Z;POP;A;2022;138857.6687;52;Pays de la Loire
01;REG;Y_GE15;M;_T;_Z;POP;A;2022;128331.75838;01;Guadeloupe
32;REG;Y_GE15;M;500_RP;_Z;POP;A;2022;218648.23625;32;Hauts-de-France
76;REG;Y_GE15;M;600_RP;_Z;POP;A;2022;188000.90729;76;Occitanie
76;REG;Y_GE15;F;300_RP;_Z;POP;A;2022;466302.77225;76;Occitanie
84;REG;Y_GE15;F;600_RP;_Z;POP;A;2022;381963.59758;84;Auvergne-Rhône-Alpes
04;REG;Y_GE15;M;600_RP;_Z;POP;A;2022;18920.58395;04;La Réunion
32;REG;Y_GE15;M;_T;_Z;POP;A;2022;2076778.32044;32;Hauts-de-France
52;REG;Y_GE15;F;200_RP;_Z;POP;A;2022;82930.40675;52;Pays de la Loire
11;REG;Y_GE15;F;300_RP;_Z;POP;A;2022;628270.0934;11;Île-de-France
44;REG;Y_GE15;_T;500_RP;_Z;POP;A;2022;468471.24021;44;Grand Est
94;REG;Y_GE15;_T;001T100_RP;_Z;POP;A;2022;55954.60736;94;Corse
04;REG;Y_GE15;F;600_RP;_Z;POP;A;2022;28091.65273;04;La Réunion
27;REG;Y_GE15;M;500_RP;_Z;POP;A;2022;108546.80434;27;Bourgogne-Franche-Comté
24;REG;Y_GE15;_T;700_RP;_Z;POP;A;2022;156515.54262;24;Centre-Val de Loire
02;REG;Y_GE15;_T;200_RP;_Z;POP;A;2022;16949.47972;02;Martinique
03;REG;Y_GE15;F;001T100_RP;_Z;POP;A;2022;39131.34634;03;Guyane
75;REG;Y_GE15;_T;200_RP;_Z;POP;A;2022;260394.97306;75;Nouvelle-Aquitaine
02;REG;Y_GE15;M;300_RP;_Z;POP;A;2022;29130.61083;02;Martinique
53;REG;Y_GE15;F;300_RP;_Z;POP;A;2022;294006.78482;53;Bretagne
04;REG;Y_GE15;F;700_RP;_Z;POP;A;2022;20791.18106;04;La Réunion
84;REG;Y_GE15;M;001T100_RP;_Z;POP;A;2022;485539.06894;84;Auvergne-Rhône-Alpes
75;REG;Y_GE15;M;200_RP;_Z;POP;A;2022;105485.42362;75;Nouvelle-Aquitaine
53;REG;Y_GE15;_T;200_RP;_Z;POP;A;2022;143070.56465;53;Bretagne
27;REG;Y_GE15;_T;350T351_RP;_Z;POP;A;2022;376740.03292;27;Bourgogne-Franche-Comté
04;REG;Y_GE15;M;_T;_Z;POP;A;2022;287216.48499;04;La Réunion
84;REG;Y_GE15;F;300_RP;_Z;POP;A;2022;625012.2879;84;Auvergne-Rhône-Alpes
02;REG;Y_GE15;F;001T100_RP;_Z;POP;A;2022;42802.78183;02;Martinique
28;REG;Y_GE15;_T;_T;_Z;POP;A;2022;2493623.18582;28;Normandie
27;REG;Y_GE15;F;600_RP;_Z;POP;A;2022;110418.59874;27;Bourgogne-Franche-Comté
32;REG;Y_GE15;F;200_RP;_Z;POP;A;2022;150678.96236;32;Hauts-de-France
28;REG;Y_GE15;_T;500_RP;_Z;POP;A;2022;265220.44565;28;Normandie
44;REG;Y_GE15;M;300_RP;_Z;POP;A;2022;656339.57244;44;Grand Est
11;REG;Y_GE15;M;001T100_RP;_Z;POP;A;2022;722991.10154;11;Île-de-France
24;REG;Y_GE15;F;700_RP;_Z;POP;A;2022;75514.50366;24;Centre-Val de Loire
76;REG;Y_GE15;_T;500_RP;_Z;POP;A;2022;537565.15804;76;Occitanie
01;REG;Y_GE15;_T;_T;_Z;POP;A;2022;287643.44388;01;Guadeloupe
04;REG;Y_GE15;M;200_RP;_Z;POP;A;2022;13020.58855;04;La Réunion
94;REG;Y_GE15;F;300_RP;_Z;POP;A;2022;24814.28578;94;Corse
32;REG;Y_GE15;F;001T100_RP;_Z;POP;A;2022;597258.86551;32;Hauts-de-France
44;REG;Y_GE15;F;600_RP;_Z;POP;A;2022;216390.22239;44;Grand Est
01;REG;Y_GE15;_T;350T351_RP;_Z;POP;A;2022;53101.86776;01;Guadeloupe
03;REG;Y_GE15;M;700_RP;_Z;POP;A;2022;5715.8208;03;Guyane
04;REG;Y_GE15;_T;001T100_RP;_Z;POP;A;2022;213225.34158;04;La Réunion
93;REG;Y_GE15;F;500_RP;_Z;POP;A;2022;250542.29377;93;Provence-Alpes-Côte d'Azur
44;REG;Y_GE15;F;350T351_RP;_Z;POP;A;2022;372158.09899;44;Grand Est
52;REG;Y_GE15;M;200_RP;_Z;POP;A;2022;55927.26196;52;Pays de la Loire
52;REG;Y_GE15;M;300_RP;_Z;POP;A;2022;441903.09015;52;Pays de la Loire
03;REG;Y_GE15;_T;_T;_Z;POP;A;2022;167785.7332;03;Guyane
53;REG;Y_GE15;F;_T;_Z;POP;A;2022;1333587.06154;53;Bretagne
44;REG;Y_GE15;F;200_RP;_Z;POP;A;2022;108825.63705;44;Grand Est
11;REG;Y_GE15;F;001T100_RP;_Z;POP;A;2022;805060.05756;11;Île-de-France
84;REG;Y_GE15;_T;350T351_RP;_Z;POP;A;2022;1063097.02712;84;Auvergne-Rhône-Alpes
84;REG;Y_GE15;F;001T100_RP;_Z;POP;A;2022;615689.5559;84;Auvergne-Rhône-Alpes
28;REG;Y_GE15;M;300_RP;_Z;POP;A;2022;397759.22765;28;Normandie
52;REG;Y_GE15;_T;001T100_RP;_Z;POP;A;2022;537590.77973;52;Pays de la Loire
76;REG;Y_GE15;M;300_RP;_Z;POP;A;2022;599241.4832;76;Occitanie
04;REG;Y_GE15;_T;600_RP;_Z;POP;A;2022;47012.23667;04;La Réunion
32;REG;Y_GE15;M;200_RP;_Z;POP;A;2022;104105.98535;32;Hauts-de-France
28;REG;Y_GE15;F;_T;_Z;POP;A;2022;1304555.46069;28;Normandie
44;REG;Y_GE15;_T;600_RP;_Z;POP;A;2022;366282.9824;44;Grand Est
75;REG;Y_GE15;M;001T100_RP;_Z;POP;A;2022;373399.01556;75;Nouvelle-Aquitaine
32;REG;Y_GE15;F;700_RP;_Z;POP;A;2022;170077.66691;32;Hauts-de-France
76;REG;Y_GE15;M;500_RP;_Z;POP;A;2022;242193.58613;76;Occitanie
53;REG;Y_GE15;_T;700_RP;_Z;POP;A;2022;256189.36358;53;Bretagne
11;REG;Y_GE15;F;350T351_RP;_Z;POP;A;2022;751031.53273;11;Île-de-France
01;REG;Y_GE15;F;300_RP;_Z;POP;A;2022;28936.8033;01;Guadeloupe
28;REG;Y_GE15;M;001T100_RP;_Z;POP;A;2022;241828.5148;28;Normandie
76;REG;Y_GE15;F;350T351_RP;_Z;POP;A;2022;462717.47644;76;Occitanie
75;REG;Y_GE15;_T;_T;_Z;POP;A;2022;4691961.6691;75;Nouvelle-Aquitaine
94;REG;Y_GE15;M;500_RP;_Z;POP;A;2022;11731.92747;94;Corse
44;REG;Y_GE15;M;600_RP;_Z;POP;A;2022;149892.76002;44;Grand Est
28;REG;Y_GE15;_T;700_RP;_Z;POP;A;2022;189782.87554;28;Normandie
27;REG;Y_GE15;_T;_T;_Z;POP;A;2022;2131292.90504;27;Bourgogne-Franche-Comté
28;REG;Y_GE15;_T;300_RP;_Z;POP;A;2022;699865.36842;28;Normandie
01;REG;Y_GE15;M;500_RP;_Z;POP;A;2022;10894.39945;01;Guadeloupe
44;REG;Y_GE15;_T;_T;_Z;POP;A;2022;4169094.64577;44;Grand Est
04;REG;Y_GE15;F;001T100_RP;_Z;POP;A;2022;115606.23661;04;La Réunion
53;REG;Y_GE15;F;200_RP;_Z;POP;A;2022;84315.89124;53;Bretagne
44;REG;Y_GE15;M;001T100_RP;_Z;POP;A;2022;365980.09718;44;Grand Est
03;REG;Y_GE15;F;600_RP;_Z;POP;A;2022;6004.41074;03;Guyane
28;REG;Y_GE15;M;200_RP;_Z;POP;A;2022;51672.77583;28;Normandie
01;REG;Y_GE15;_T;700_RP;_Z;POP;A;2022;19112.63542;01;Guadeloupe
32;REG;Y_GE15;M;600_RP;_Z;POP;A;2022;146161.27179;32;Hauts-de-France
76;REG;Y_GE15;M;_T;_Z;POP;A;2022;2183198.49896;76;Occitanie
01;REG;Y_GE15;F;350T351_RP;_Z;POP;A;2022;30436.82768;01;Guadeloupe
02;REG;Y_GE15;_T;500_RP;_Z;POP;A;2022;26796.11255;02;Martinique
94;REG;Y_GE15;F;600_RP;_Z;POP;A;2022;16672.74027;94;Corse
75;REG;Y_GE15;F;300_RP;_Z;POP;A;2022;556159.95189;75;Nouvelle-Aquitaine
94;REG;Y_GE15;_T;300_RP;_Z;POP;A;2022;57025.62143;94;Corse
75;REG;Y_GE15;F;_T;_Z;POP;A;2022;2460146.16281;75;Nouvelle-Aquitaine
03;REG;Y_GE15;_T;300_RP;_Z;POP;A;2022;27636.55507;03;Guyane
94;REG;Y_GE15;_T;_T;_Z;POP;A;2022;276092.38371;94;Corse
75;REG;Y_GE15;M;500_RP;_Z;POP;A;2022;247174.12775;75;Nouvelle-Aquitaine
27;REG;Y_GE15;_T;200_RP;_Z;POP;A;2022;114926.83008;27;Bourgogne-Franche-Comté
27;REG;Y_GE15;_T;600_RP;_Z;POP;A;2022;179317.67986;27;Bourgogne-Franche-Comté
24;REG;Y_GE15;_T;500_RP;_Z;POP;A;2022;218133.42918;24;Centre-Val de Loire
04;REG;Y_GE15;M;700_RP;_Z;POP;A;2022;19246.6731;04;La Réunion
53;REG;Y_GE15;M;350T351_RP;_Z;POP;A;2022;240848.72728;53;Bretagne
94;REG;Y_GE15;M;_T;_Z;POP;A;2022;132621.1645;94;Corse
52;REG;Y_GE15;M;500_RP;_Z;POP;A;2022;160522.25885;52;Pays de la Loire
93;REG;Y_GE15;M;001T100_RP;_Z;POP;A;2022;342819.27911;93;Provence-Alpes-Côte d'Azur
02;REG;Y_GE15;F;600_RP;_Z;POP;A;2022;15339.67004;02;Martinique
11;REG;Y_GE15;F;600_RP;_Z;POP;A;2022;636632.91441;11;Île-de-France
04;REG;Y_GE15;_T;500_RP;_Z;POP;A;2022;49698.18473;04;La Réunion
28;REG;Y_GE15;M;700_RP;_Z;POP;A;2022;96505.43265;28;Normandie
02;REG;Y_GE15;F;500_RP;_Z;POP;A;2022;16330.13415;02;Martinique
52;REG;Y_GE15;F;500_RP;_Z;POP;A;2022;183991.42616;52;Pays de la Loire
84;REG;Y_GE15;_T;_T;_Z;POP;A;2022;5997296.75128;84;Auvergne-Rhône-Alpes
76;REG;Y_GE15;_T;_T;_Z;POP;A;2022;4570992.69338;76;Occitanie
27;REG;Y_GE15;F;200_RP;_Z;POP;A;2022;69598.74642;27;Bourgogne-Franche-Comté
01;REG;Y_GE15;F;001T100_RP;_Z;POP;A;2022;48560.51703;01;Guadeloupe
93;REG;Y_GE15;F;_T;_Z;POP;A;2022;2070752.59677;93;Provence-Alpes-Côte d'Azur
24;REG;Y_GE15;F;500_RP;_Z;POP;A;2022;119004.89047;24;Centre-Val de Loire
24;REG;Y_GE15;F;600_RP;_Z;POP;A;2022;99707.77856;24;Centre-Val de Loire
52;REG;Y_GE15;M;600_RP;_Z;POP;A;2022;110221.38796;52;Pays de la Loire
44;REG;Y_GE15;_T;350T351_RP;_Z;POP;A;2022;726934.06023;44;Grand Est
75;REG;Y_GE15;_T;300_RP;_Z;POP;A;2022;1258095.22276;75;Nouvelle-Aquitaine
02;REG;Y_GE15;_T;001T100_RP;_Z;POP;A;2022;81543.00168;02;Martinique
75;REG;Y_GE15;_T;600_RP;_Z;POP;A;2022;445895.14936;75;Nouvelle-Aquitaine
04;REG;Y_GE15;_T;_T;_Z;POP;A;2022;611632.04342;04;La Réunion
93;REG;Y_GE15;_T;350T351_RP;_Z;POP;A;2022;730040.25967;93;Provence-Alpes-Côte d'Azur
93;REG;Y_GE15;F;001T100_RP;_Z;POP;A;2022;416953.9923;93;Provence-Alpes-Côte d'Azur
94;REG;Y_GE15;F;700_RP;_Z;POP;A;2022;11098.85616;94;Corse
94;REG;Y_GE15;M;700_RP;_Z;POP;A;2022;10916.89579;94;Corse
03;REG;Y_GE15;M;300_RP;_Z;POP;A;2022;15216.18547;03;Guyane
03;REG;Y_GE15;M;200_RP;_Z;POP;A;2022;3770.30862;03;Guyane
84;REG;Y_GE15;M;350T351_RP;_Z;POP;A;2022;505112.62232;84;Auvergne-Rhône-Alpes
01;REG;Y_GE15;F;700_RP;_Z;POP;A;2022;10882.69663;01;Guadeloupe
93;REG;Y_GE15;M;500_RP;_Z;POP;A;2022;196097.92887;93;Provence-Alpes-Côte d'Azur
24;REG;Y_GE15;M;200_RP;_Z;POP;A;2022;41706.74454;24;Centre-Val de Loire
04;REG;Y_GE15;_T;300_RP;_Z;POP;A;2022;125050.3044;04;La Réunion
11;REG;Y_GE15;M;200_RP;_Z;POP;A;2022;172053.10478;11;Île-de-France
28;REG;Y_GE15;F;001T100_RP;_Z;POP;A;2022;331480.06273;28;Normandie
84;REG;Y_GE15;F;_T;_Z;POP;A;2022;3110056.69236;84;Auvergne-Rhône-Alpes
02;REG;Y_GE15;M;001T100_RP;_Z;POP;A;2022;38740.21985;02;Martinique
53;REG;Y_GE15;M;700_RP;_Z;POP;A;2022;132955.75575;53;Bretagne
53;REG;Y_GE15;_T;350T351_RP;_Z;POP;A;2022;493136.35374;53;Bretagne
84;REG;Y_GE15;M;500_RP;_Z;POP;A;2022;331549.91189;84;Auvergne-Rhône-Alpes
04;REG;Y_GE15;M;350T351_RP;_Z;POP;A;2022;46856.28274;04;La Réunion
03;REG;Y_GE15;_T;200_RP;_Z;POP;A;2022;8076.26472;03;Guyane
84;REG;Y_GE15;_T;001T100_RP;_Z;POP;A;2022;1101228.62484;84;Auvergne-Rhône-Alpes
03;REG;Y_GE15;_T;600_RP;_Z;POP;A;2022;11283.43142;03;Guyane
02;REG;Y_GE15;_T;700_RP;_Z;POP;A;2022;20717.56736;02;Martinique
28;REG;Y_GE15;M;500_RP;_Z;POP;A;2022;118553.60426;28;Normandie
24;REG;Y_GE15;M;600_RP;_Z;POP;A;2022;63752.36655;24;Centre-Val de Loire
04;REG;Y_GE15;_T;200_RP;_Z;POP;A;2022;31308.62442;04;La Réunion
84;REG;Y_GE15;_T;500_RP;_Z;POP;A;2022;726499.10917;84;Auvergne-Rhône-Alpes
93;REG;Y_GE15;F;300_RP;_Z;POP;A;2022;399096.36415;93;Provence-Alpes-Côte d'Azur
53;REG;Y_GE15;M;001T100_RP;_Z;POP;A;2022;163499.22316;53;Bretagne
76;REG;Y_GE15;F;700_RP;_Z;POP;A;2022;249600.46652;76;Occitanie
93;REG;Y_GE15;M;200_RP;_Z;POP;A;2022;97119.64456;93;Provence-Alpes-Côte d'Azur
32;REG;Y_GE15;_T;700_RP;_Z;POP;A;2022;355184.74364;32;Hauts-de-France
53;REG;Y_GE15;_T;500_RP;_Z;POP;A;2022;327267.19522;53;Bretagne
93;REG;Y_GE15;M;_T;_Z;POP;A;2022;1840463.06134;93;Provence-Alpes-Côte d'Azur
93;REG;Y_GE15;_T;200_RP;_Z;POP;A;2022;229137.29323;93;Provence-Alpes-Côte d'Azur
04;REG;Y_GE15;_T;350T351_RP;_Z;POP;A;2022;105299.49747;04;La Réunion
75;REG;Y_GE15;F;001T100_RP;_Z;POP;A;2022;501990.7488;75;Nouvelle-Aquitaine
32;REG;Y_GE15;_T;300_RP;_Z;POP;A;2022;1105898.08666;32;Hauts-de-France
24;REG;Y_GE15;_T;200_RP;_Z;POP;A;2022;103947.92604;24;Centre-Val de Loire
75;REG;Y_GE15;F;350T351_RP;_Z;POP;A;2022;461145.33018;75;Nouvelle-Aquitaine
44;REG;Y_GE15;M;_T;_Z;POP;A;2022;2011443.98271;44;Grand Est
02;REG;Y_GE15;M;600_RP;_Z;POP;A;2022;8312.09082;02;Martinique
76;REG;Y_GE15;_T;600_RP;_Z;POP;A;2022;479350.3726;76;Occitanie
32;REG;Y_GE15;_T;350T351_RP;_Z;POP;A;2022;778800.32733;32;Hauts-de-France
03;REG;Y_GE15;M;500_RP;_Z;POP;A;2022;5000.08076;03;Guyane
04;REG;Y_GE15;F;300_RP;_Z;POP;A;2022;55559.31085;04;La Réunion
04;REG;Y_GE15;M;300_RP;_Z;POP;A;2022;69490.99354;04;La Réunion
53;REG;Y_GE15;_T;001T100_RP;_Z;POP;A;2022;405818.58471;53;Bretagne
03;REG;Y_GE15;M;_T;_Z;POP;A;2022;81187.03612;03;Guyane
03;REG;Y_GE15;_T;700_RP;_Z;POP;A;2022;11815.24259;03;Guyane
94;REG;Y_GE15;_T;600_RP;_Z;POP;A;2022;27217.87257;94;Corse
11;REG;Y_GE15;M;600_RP;_Z;POP;A;2022;419522.46986;11;Île-de-France
24;REG;Y_GE15;_T;600_RP;_Z;POP;A;2022;163460.14511;24;Centre-Val de Loire
75;REG;Y_GE15;M;300_RP;_Z;POP;A;2022;701935.27087;75;Nouvelle-Aquitaine
28;REG;Y_GE15;_T;001T100_RP;_Z;POP;A;2022;573308.57753;28;Normandie
24;REG;Y_GE15;_T;300_RP;_Z;POP;A;2022;539221.91121;24;Centre-Val de Loire
76;REG;Y_GE15;_T;350T351_RP;_Z;POP;A;2022;858140.42369;76;Occitanie
01;REG;Y_GE15;_T;600_RP;_Z;POP;A;2022;22205.44338;01;Guadeloupe
03;REG;Y_GE15;F;200_RP;_Z;POP;A;2022;4305.95611;03;Guyane
01;REG;Y_GE15;F;_T;_Z;POP;A;2022;159311.6855;01;Guadeloupe
27;REG;Y_GE15;M;_T;_Z;POP;A;2022;1026912.23858;27;Bourgogne-Franche-Comté
44;REG;Y_GE15;F;500_RP;_Z;POP;A;2022;251305.36988;44;Grand Est
94;REG;Y_GE15;M;200_RP;_Z;POP;A;2022;9993.41953;94;Corse
27;REG;Y_GE15;_T;500_RP;_Z;POP;A;2022;236209.69955;27;Bourgogne-Franche-Comté
53;REG;Y_GE15;M;200_RP;_Z;POP;A;2022;58754.67341;53;Bretagne
11;REG;Y_GE15;M;300_RP;_Z;POP;A;2022;713413.61305;11;Île-de-France
32;REG;Y_GE15;M;300_RP;_Z;POP;A;2022;627242.77276;32;Hauts-de-France
44;REG;Y_GE15;_T;200_RP;_Z;POP;A;2022;188743.94554;44;Grand Est
28;REG;Y_GE15;_T;350T351_RP;_Z;POP;A;2022;432885.10526;28;Normandie
76;REG;Y_GE15;F;001T100_RP;_Z;POP;A;2022;466315.30945;76;Occitanie
94;REG;Y_GE15;_T;200_RP;_Z;POP;A;2022;22154.47467;94;Corse
84;REG;Y_GE15;F;350T351_RP;_Z;POP;A;2022;557984.40481;84;Auvergne-Rhône-Alpes
27;REG;Y_GE15;F;_T;_Z;POP;A;2022;1104380.66646;27;Bourgogne-Franche-Comté
01;REG;Y_GE15;_T;001T100_RP;_Z;POP;A;2022;89623.60735;01;Guadeloupe
94;REG;Y_GE15;F;500_RP;_Z;POP;A;2022;15990.64792;94;Corse
28;REG;Y_GE15;M;350T351_RP;_Z;POP;A;2022;205515.52942;28;Normandie
32;REG;Y_GE15;_T;200_RP;_Z;POP;A;2022;254784.94771;32;Hauts-de-France
94;REG;Y_GE15;M;001T100_RP;_Z;POP;A;2022;28070.56047;94;Corse
76;REG;Y_GE15;F;_T;_Z;POP;A;2022;2387794.19441;76;Occitanie
04;REG;Y_GE15;_T;700_RP;_Z;POP;A;2022;40037.85416;04;La Réunion
03;REG;Y_GE15;M;001T100_RP;_Z;POP;A;2022;34299.22241;03;Guyane
27;REG;Y_GE15;M;600_RP;_Z;POP;A;2022;68899.08113;27;Bourgogne-Franche-Comté
52;REG;Y_GE15;F;300_RP;_Z;POP;A;2022;343061.98925;52;Pays de la Loire
75;REG;Y_GE15;_T;001T100_RP;_Z;POP;A;2022;875389.76437;75;Nouvelle-Aquitaine
11;REG;Y_GE15;_T;700_RP;_Z;POP;A;2022;1988934.49437;11;Île-de-France
28;REG;Y_GE15;F;350T351_RP;_Z;POP;A;2022;227369.57584;28;Normandie
53;REG;Y_GE15;_T;300_RP;_Z;POP;A;2022;669000.31537;53;Bretagne
11;REG;Y_GE15;_T;600_RP;_Z;POP;A;2022;1056155.38427;11;Île-de-France
93;REG;Y_GE15;F;600_RP;_Z;POP;A;2022;246728.38166;93;Provence-Alpes-Côte d'Azur
84;REG;Y_GE15;_T;700_RP;_Z;POP;A;2022;736099.00421;84;Auvergne-Rhône-Alpes
11;REG;Y_GE15;_T;350T351_RP;_Z;POP;A;2022;1417090.58728;11;Île-de-France
02;REG;Y_GE15;_T;600_RP;_Z;POP;A;2022;23651.76085;02;Martinique
76;REG;Y_GE15;_T;200_RP;_Z;POP;A;2022;270405.92841;76;Occitanie
93;REG;Y_GE15;_T;300_RP;_Z;POP;A;2022;874436.24469;93;Provence-Alpes-Côte d'Azur
93;REG;Y_GE15;_T;500_RP;_Z;POP;A;2022;446640.22263;93;Provence-Alpes-Côte d'Azur
94;REG;Y_GE15;_T;350T351_RP;_Z;POP;A;2022;64001.48035;94;Corse
52;REG;Y_GE15;F;700_RP;_Z;POP;A;2022;128908.70544;52;Pays de la Loire
52;REG;Y_GE15;M;_T;_Z;POP;A;2022;1377097.77998;52;Pays de la Loire
32;REG;Y_GE15;_T;500_RP;_Z;POP;A;2022;468708.91853;32;Hauts-de-France
04;REG;Y_GE15;F;_T;_Z;POP;A;2022;324415.55843;04;La Réunion
28;REG;Y_GE15;M;600_RP;_Z;POP;A;2022;77232.64053;28;Normandie
84;REG;Y_GE15;F;500_RP;_Z;POP;A;2022;394949.19728;84;Auvergne-Rhône-Alpes
