region_nom,Taux de chômage par région,TIME_VALUE,code_region,nb_creations,code_court,population,creations_per_1000
Auvergne-Rhône-Alpes,8.975,2015,84,67388,AURA,7877698.326169,8.55
Auvergne-Rhône-Alpes,8.775,2016,84,71238,AURA,7916889.335674,9.0
Auvergne-Rhône-Alpes,8.125,2017,84,78731,AURA,7948287.344093,9.91
Auvergne-Rhône-Alpes,7.725,2018,84,89087,AURA,7994459.351061,11.14
Auvergne-Rhône-Alpes,7.3,2019,84,106250,AURA,8042936.357721,13.21
Auvergne-Rhône-Alpes,7.1,2020,84,109905,AURA,8078652.364332,13.6
Auvergne-Rhône-Alpes,6.925,2021,84,124197,AURA,8114361.367191,15.31
Auvergne-Rhône-Alpes,6.225,2022,84,125673,AURA,8163884.370721,15.39
Auvergne-Rhône-Alpes,6.275,2023,84,120822,AURA,8196436.374708,14.74
Auvergne-Rhône-Alpes,6.35,2024,84,130063,AURA,8228802.379343,15.81
Bourgogne-Franche-Comté,9.325,2015,27,17750,BFC,2820940.380468,6.29
Bourgogne-Franche-Comté,9.0,2016,27,18393,BFC,2818338.39332,6.53
Bourgogne-Franche-Comté,8.2,2017,27,19814,BFC,2811423.406763,7.05
Bourgogne-Franche-Comté,7.725,2018,27,21893,BFC,2807807.417817,7.8
Bourgogne-Franche-Comté,7.4,2019,27,25259,BFC,2805580.427274,9.0
Bourgogne-Franche-Comté,6.925,2020,27,27278,BFC,2801695.436597,9.74
Bourgogne-Franche-Comté,6.625,2021,27,31472,BFC,2800194.441834,11.24
Bourgogne-Franche-Comté,6.25,2022,27,30749,BFC,2803977.446515,10.97
Bourgogne-Franche-Comté,6.4,2023,27,31209,BFC,2800234.452945,11.15
Bourgogne-Franche-Comté,6.55,2024,27,33291,BFC,2797160.46025,11.9
Bretagne,8.9,2015,53,21567,BRE,3293850.370926,6.55
Bretagne,8.65,2016,53,22198,BRE,3306529.382034,6.71
Bretagne,7.925,2017,53,23721,BRE,3318904.393262,7.15
Bretagne,7.525,2018,53,26677,BRE,3335414.403374,8.0
Bretagne,7.025,2019,53,30400,BRE,3354854.413031,9.06
Bretagne,6.825,2020,53,30802,BRE,3373835.421213,9.13
Bretagne,6.4,2021,53,38190,BRE,3394567.426708,11.25
Bretagne,5.825,2022,53,39099,BRE,3422845.432548,11.42
Bretagne,5.925,2023,53,38586,BRE,3440248.438984,11.22
Bretagne,5.95,2024,53,41653,BRE,3458588.446474,12.04
Centre-Val de Loire,9.675,2015,24,16054,CVL,2578592.374802,6.23
Centre-Val de Loire,9.55,2016,24,16564,CVL,2577866.387626,6.43
Centre-Val de Loire,8.85,2017,24,17551,CVL,2576252.399488,6.81
Centre-Val de Loire,8.475,2018,24,20074,CVL,2572853.409158,7.8
Centre-Val de Loire,8.05,2019,24,23057,CVL,2573180.417845,8.96
Centre-Val de Loire,7.4,2020,24,24540,CVL,2574863.42677,9.53
Centre-Val de Loire,7.125,2021,24,29780,CVL,2573303.433342,11.57
Centre-Val de Loire,6.775,2022,24,29798,CVL,2581597.438061,11.54
Centre-Val de Loire,6.8,2023,24,29560,CVL,2581716.443425,11.45
Centre-Val de Loire,6.875,2024,24,31211,CVL,2582015.44966,12.09
Corse,10.425,2015,94,3796,COR,327283.382285,11.6
Corse,10.0,2016,94,4017,COR,330455.390486,12.16
Corse,9.425,2017,94,4279,COR,334938.401646,12.78
Corse,8.8,2018,94,4610,COR,338554.410279,13.62
Corse,8.075,2019,94,5225,COR,340440.42135,15.35
Corse,7.85,2020,94,4945,COR,343701.429016,14.39
Corse,6.725,2021,94,5814,COR,347597.438197,16.73
Corse,6.1,2022,94,6087,COR,351276.442384,17.33
Corse,6.375,2023,94,6189,COR,354266.448098,17.47
Corse,6.475,2024,94,6522,COR,357237.452947,18.26
Grand Est,10.25,2015,44,33719,GES,5559051.315378,6.07
Grand Est,9.925,2016,44,35938,GES,5555186.326395,6.47
Grand Est,9.225,2017,44,38647,GES,5549586.337936,6.96
Grand Est,8.6,2018,44,42882,GES,5550389.347286,7.73
Grand Est,8.125,2019,44,49283,GES,5556219.356658,8.87
Grand Est,7.775,2020,44,53161,GES,5562651.366287,9.56
Grand Est,7.65,2021,44,64737,GES,5561287.372741,11.64
Grand Est,7.05,2022,44,63710,GES,5560079.378968,11.46
Grand Est,7.15,2023,44,62922,GES,5554472.385767,11.33
Grand Est,7.225,2024,44,67017,GES,5549724.393823,12.08
Hauts-de-France,12.575,2015,32,34616,HDF,6009976.285026,5.76
Hauts-de-France,12.2,2016,32,36383,HDF,6006870.29542,6.06
Hauts-de-France,11.625,2017,32,39252,HDF,6003815.305614,6.54
Hauts-de-France,11.2,2018,32,44867,HDF,6004108.315494,7.47
Hauts-de-France,10.4,2019,32,53518,HDF,6004947.324371,8.91
Hauts-de-France,9.625,2020,32,56596,HDF,5997734.332979,9.44
Hauts-de-France,9.35,2021,32,67335,HDF,5995292.33866,11.23
Hauts-de-France,8.8,2022,32,65908,HDF,5998916.344132,10.99
Hauts-de-France,9.025,2023,32,64870,HDF,5990292.35015,10.83
Hauts-de-France,9.0,2024,32,69913,HDF,5982538.357216,11.69
Normandie,10.25,2015,28,19208,NOR,3339131.346701,5.75
Normandie,10.05,2016,28,20256,NOR,3335929.359867,6.07
Normandie,9.35,2017,28,21810,NOR,3330478.373324,6.55
Normandie,8.9,2018,28,25178,NOR,3327477.384022,7.57
Normandie,8.225,2019,28,29058,NOR,3325032.394351,8.74
Normandie,7.925,2020,28,31399,NOR,3325522.403264,9.44
Normandie,7.55,2021,28,36531,NOR,3327966.412019,10.98
Normandie,6.825,2022,28,35492,NOR,3339074.418784,10.63
Normandie,6.825,2023,28,35648,NOR,3339522.425661,10.67
Normandie,7.05,2024,28,37356,NOR,3341043.433306,11.18
Nouvelle-Aquitaine,9.725,2015,75,49859,NAQ,5911482.396658,8.43
Nouvelle-Aquitaine,9.45,2016,75,51486,NAQ,5935603.409072,8.67
Nouvelle-Aquitaine,8.775,2017,75,56868,NAQ,5956978.421261,9.55
Nouvelle-Aquitaine,8.325,2018,75,64240,NAQ,5979778.431513,10.74
Nouvelle-Aquitaine,7.75,2019,75,73115,NAQ,6010289.440852,12.16
Nouvelle-Aquitaine,7.375,2020,75,74892,NAQ,6033952.448677,12.41
Nouvelle-Aquitaine,7.075,2021,75,89009,NAQ,6069352.45528,14.67
Nouvelle-Aquitaine,6.5,2022,75,89040,NAQ,6113384.459634,14.56
Nouvelle-Aquitaine,6.4,2023,75,87108,NAQ,6138814.465208,14.19
Nouvelle-Aquitaine,6.6,2024,75,92144,NAQ,6166602.471393,14.94
Occitanie,12.075,2015,76,54742,OCC,5774185.376562,9.48
Occitanie,11.7,2016,76,57424,OCC,5808435.387304,9.89
Occitanie,10.925,2017,76,60894,OCC,5845102.397063,10.42
Occitanie,10.475,2018,76,67998,OCC,5885496.405746,11.55
Occitanie,9.9,2019,76,79877,OCC,5933185.413419,13.46
Occitanie,9.375,2020,76,82537,OCC,5973969.420386,13.82
Occitanie,9.275,2021,76,97716,OCC,6022176.424688,16.23
Occitanie,8.675,2022,76,96354,OCC,6080731.42904,15.85
Occitanie,8.725,2023,76,96395,OCC,6121253.433283,15.75
Occitanie,8.8,2024,76,102485,OCC,6162302.438925,16.63
Pays de la Loire,8.95,2015,52,24899,PDL,3718512.341097,6.7
Pays de la Loire,8.5,2016,52,25824,PDL,3737632.352885,6.91
Pays de la Loire,7.775,2017,52,28456,PDL,3757600.363534,7.57
Pays de la Loire,7.375,2018,52,30670,PDL,3781423.372913,8.11
Pays de la Loire,7.05,2019,52,36367,PDL,3806461.380654,9.55
Pays de la Loire,7.025,2020,52,38059,PDL,3832120.388635,9.93
Pays de la Loire,6.55,2021,52,46328,PDL,3853999.392925,12.02
Pays de la Loire,5.9,2022,52,46574,PDL,3879216.398076,12.01
Pays de la Loire,5.75,2023,52,44898,PDL,3898424.402649,11.52
Pays de la Loire,5.875,2024,52,47203,PDL,3918256.408058,12.05
Provence-Alpes-Côte d'Azur,11.5,2015,93,57654,PACA,5007977.386134,11.51
Provence-Alpes-Côte d'Azur,11.25,2016,93,59961,PACA,5021928.397171,11.94
Provence-Alpes-Côte d'Azur,10.7,2017,93,63994,PACA,5030890.406884,12.72
Provence-Alpes-Côte d'Azur,10.3,2018,93,73635,PACA,5052832.415577,14.57
Provence-Alpes-Côte d'Azur,9.6,2019,93,84099,PACA,5081101.423441,16.55
Provence-Alpes-Côte d'Azur,9.075,2020,93,86574,PACA,5098666.432213,16.98
Provence-Alpes-Côte d'Azur,8.875,2021,93,106869,PACA,5127840.43586,20.84
Provence-Alpes-Côte d'Azur,8.15,2022,93,110475,PACA,5170312.439178,21.37
Provence-Alpes-Côte d'Azur,8.025,2023,93,103147,PACA,5194349.444564,19.86
Provence-Alpes-Côte d'Azur,7.9,2024,93,106186,PACA,5218341.451349,20.35
Île-de-France,8.875,2015,11,145628,IDF,12082144.233758,12.05
Île-de-France,8.65,2016,11,165621,IDF,12117132.23989,13.67
Île-de-France,8.15,2017,11,184150,IDF,12174880.24477,15.13
Île-de-France,7.9,2018,11,215995,IDF,12213447.249072,17.69
Île-de-France,7.4,2019,11,246394,IDF,12262544.254335,20.09
Île-de-France,7.325,2020,11,255208,IDF,12271794.260058,20.8
Île-de-France,7.5,2021,11,281623,IDF,12317279.26246,22.86
Île-de-France,6.925,2022,11,288872,IDF,12380964.264698,23.33
Île-de-France,6.925,2023,11,295726,IDF,12407359.267767,23.83
Île-de-France,7.0,2024,11,312543,IDF,12430351.271708,25.14
