region,region_code,year,population
Auvergne-Rhône-Alpes,84,1975,6111379
Bourgogne-Franche-Comté,27,1975,2632357
Bretagne,53,1975,2596379
Centre-Val-de-Loire,24,1975,2152234
Corse,94,1975,226991
France métropolitaine,FM,1975,52600000
Grand Est,44,1975,5187204
Hauts-de-France,32,1975,5595291
Normandie,28,1975,2902584
Nouvelle-Aquitaine,75,1975,4821082
Occitanie,76,1975,4060465
Pays de la Loire,52,1975,2766891
Provence-Alpes-Côte d'Azur,93,1975,3673480
Île-de-France,11,1975,9873663
Auvergne-Rhône-Alpes,84,1976,6138303
Bourgogne-Franche-Comté,27,1976,2638147
Bretagne,53,1976,2611035
Centre-Val-de-Loire,24,1976,2166650
Corse,94,1976,228610
France métropolitaine,FM,1976,52798338
Grand Est,44,1976,5190390
Hauts-de-France,32,1976,5603187
Normandie,28,1976,2915941
Nouvelle-Aquitaine,75,1976,4837771
Occitanie,76,1976,4082619
Pays de la Loire,52,1976,2789000
Provence-Alpes-Côte d'Azur,93,1976,3709207
Île-de-France,11,1976,9887478
Auvergne-Rhône-Alpes,84,1977,6169056
Bourgogne-Franche-Comté,27,1977,2643952
Bretagne,53,1977,2625332
Centre-Val-de-Loire,24,1977,2181522
Corse,94,1977,230439
France métropolitaine,FM,1977,53019005
Grand Est,44,1977,5193959
Hauts-de-France,32,1977,5609753
Normandie,28,1977,2928742
Nouvelle-Aquitaine,75,1977,4856854
Occitanie,76,1977,4108426
Pays de la Loire,52,1977,2810229
Île-de-France,11,1977,9911232
Auvergne-Rhône-Alpes,84,1978,6202588
Bourgogne-Franche-Comté,27,1978,2651500
Bretagne,53,1978,2641179
Centre-Val-de-Loire,24,1978,2197814
Corse,94,1978,232355
France métropolitaine,FM,1978,53271566
Grand Est,44,1978,5201007
Hauts-de-France,32,1978,5620620
Normandie,28,1978,2943099
Nouvelle-Aquitaine,75,1978,4877950
Occitanie,76,1978,4135829
Pays de la Loire,52,1978,2833260
Provence-Alpes-Côte d'Azur,93,1978,3791131
Île-de-France,11,1978,9943234
Auvergne-Rhône-Alpes,84,1979,6232501
Bourgogne-Franche-Comté,27,1979,2656438
Bretagne,53,1979,2656305
Centre-Val-de-Loire,24,1979,2212207
Corse,94,1979,233805
France métropolitaine,FM,1979,53481073
Grand Est,44,1979,5203674
Hauts-de-France,32,1979,5626772
Normandie,28,1979,2955957
Nouvelle-Aquitaine,75,1979,4895283
Occitanie,76,1979,4159166
Pays de la Loire,52,1979,2855060
Provence-Alpes-Côte d'Azur,93,1979,3830016
Île-de-France,11,1979,9963889
Auvergne-Rhône-Alpes,84,1980,6267442
Bourgogne-Franche-Comté,27,1980,2664007
Bretagne,53,1980,2672575
Centre-Val-de-Loire,24,1980,2227750
Corse,94,1980,235733
France métropolitaine,FM,1980,53731387
Grand Est,44,1980,5210823
Hauts-de-France,32,1980,5637664
Normandie,28,1980,2971205
Nouvelle-Aquitaine,75,1980,4915636
Occitanie,76,1980,4186069
Pays de la Loire,52,1980,2878179
Provence-Alpes-Côte d'Azur,93,1980,3872028
Île-de-France,11,1980,9992276
Auvergne-Rhône-Alpes,84,1981,6307503
Bourgogne-Franche-Comté,27,1981,2673149
Bretagne,53,1981,2690536
Centre-Val-de-Loire,24,1981,2244879
Corse,94,1981,237875
France métropolitaine,FM,1981,54028630
Grand Est,44,1981,5222368
Hauts-de-France,32,1981,5654338
Normandie,28,1981,2989028
Nouvelle-Aquitaine,75,1981,4939550
Occitanie,76,1981,4217113
Pays de la Loire,52,1981,2902849
Provence-Alpes-Côte d'Azur,93,1981,3917774
Île-de-France,11,1981,10031668
Auvergne-Rhône-Alpes,84,1982,6348443
Bourgogne-Franche-Comté,27,1982,2681682
Bretagne,53,1982,2708452
Centre-Val-de-Loire,24,1982,2263124
Corse,94,1982,240175
France métropolitaine,FM,1982,54335000
Grand Est,44,1982,5234734
Hauts-de-France,32,1982,5673591
Normandie,28,1982,3006871
Nouvelle-Aquitaine,75,1982,4962695
Occitanie,76,1982,4248689
Pays de la Loire,52,1982,2927940
Provence-Alpes-Côte d'Azur,93,1982,3963988
Île-de-France,11,1982,10074616
Auvergne-Rhône-Alpes,84,1983,6390373
Bourgogne-Franche-Comté,27,1983,2686242
Bretagne,53,1983,2719508
Centre-Val-de-Loire,24,1983,2281023
Corse,94,1983,241429
France métropolitaine,FM,1983,54649984
Grand Est,44,1983,5241644
Hauts-de-France,32,1983,5704670
Normandie,28,1983,3025457
Nouvelle-Aquitaine,75,1983,4985856
Occitanie,76,1983,4293279
Pays de la Loire,52,1983,2951326
Provence-Alpes-Côte d'Azur,93,1983,3997174
Île-de-France,11,1983,10132003
Auvergne-Rhône-Alpes,84,1984,6429674
Bourgogne-Franche-Comté,27,1984,2691413
Bretagne,53,1984,2728215
Centre-Val-de-Loire,24,1984,2294472
Corse,94,1984,243326
France métropolitaine,FM,1984,54894854
Grand Est,44,1984,5252301
Hauts-de-France,32,1984,5704284
Normandie,28,1984,3043609
Nouvelle-Aquitaine,75,1984,5001706
Occitanie,76,1984,4333975
Pays de la Loire,52,1984,2970886
Provence-Alpes-Côte d'Azur,93,1984,4028503
Île-de-France,11,1984,10172490
Auvergne-Rhône-Alpes,84,1985,6457905
Bourgogne-Franche-Comté,27,1985,2696050
Bretagne,53,1985,2738485
Centre-Val-de-Loire,24,1985,2307725
Corse,94,1985,244455
France métropolitaine,FM,1985,55157303
Grand Est,44,1985,5263949
Hauts-de-France,32,1985,5706937
Normandie,28,1985,3058731
Nouvelle-Aquitaine,75,1985,5021742
Occitanie,76,1985,4375084
Pays de la Loire,52,1985,2986459
Provence-Alpes-Côte d'Azur,93,1985,4060921
Île-de-France,11,1985,10238860
Auvergne-Rhône-Alpes,84,1986,6486414
Bourgogne-Franche-Comté,27,1986,2696203
Bretagne,53,1986,2748893
Centre-Val-de-Loire,24,1986,2319839
Corse,94,1986,245371
France métropolitaine,FM,1986,55411238
Grand Est,44,1986,5270157
Hauts-de-France,32,1986,5718429
Normandie,28,1986,3072918
Nouvelle-Aquitaine,75,1986,5041496
Occitanie,76,1986,4395485
Pays de la Loire,52,1986,3001676
Provence-Alpes-Côte d'Azur,93,1986,4098667
Île-de-France,11,1986,10315690
Auvergne-Rhône-Alpes,84,1987,6519946
Bourgogne-Franche-Comté,27,1987,2699268
Bretagne,53,1987,2759629
Centre-Val-de-Loire,24,1987,2329632
Corse,94,1987,245913
France métropolitaine,FM,1987,55681780
Grand Est,44,1987,5269476
Hauts-de-France,32,1987,5731425
Normandie,28,1987,3082756
Nouvelle-Aquitaine,75,1987,5055656
Occitanie,76,1987,4427505
Pays de la Loire,52,1987,3019731
Provence-Alpes-Côte d'Azur,93,1987,4137834
Île-de-France,11,1987,10403009
Auvergne-Rhône-Alpes,84,1988,6563254
Bourgogne-Franche-Comté,27,1988,2702789
Bretagne,53,1988,2771053
Centre-Val-de-Loire,24,1988,2342323
Corse,94,1988,247175
France métropolitaine,FM,1988,55966142
Grand Est,44,1988,5269323
Hauts-de-France,32,1988,5737249
Normandie,28,1988,3099809
Nouvelle-Aquitaine,75,1988,5075366
Occitanie,76,1988,4462366
Pays de la Loire,52,1988,3026970
Provence-Alpes-Côte d'Azur,93,1988,4177908
Île-de-France,11,1988,10490557
Auvergne-Rhône-Alpes,84,1989,6611182
Bourgogne-Franche-Comté,27,1989,2705519
Bretagne,53,1989,2782881
Centre-Val-de-Loire,24,1989,2356450
Corse,94,1989,248354
France métropolitaine,FM,1989,56269810
Grand Est,44,1989,5275272
Hauts-de-France,32,1989,5751091
Normandie,28,1989,3113944
Nouvelle-Aquitaine,75,1989,5094272
Occitanie,76,1989,4501382
Pays de la Loire,52,1989,3043085
Provence-Alpes-Côte d'Azur,93,1989,4215629
Île-de-France,11,1989,10570749
Auvergne-Rhône-Alpes,84,1990,6668168
Bourgogne-Franche-Comté,27,1990,2705826
Bretagne,53,1990,2794317
Centre-Val-de-Loire,24,1990,2369808
Corse,94,1990,249645
France métropolitaine,FM,1990,56577000
Grand Est,44,1990,5274064
Guadeloupe,01,1990,351844
Guyane,03,1990,113351
Hauts-de-France,32,1990,5770671
Martinique,02,1990,358406
Normandie,28,1990,3126859
Nouvelle-Aquitaine,75,1990,5114287
Occitanie,76,1990,4546249
Pays de la Loire,52,1990,3055197
Provence-Alpes-Côte d'Azur,93,1990,4257244
Île-de-France,11,1990,10644665
Auvergne-Rhône-Alpes,84,1991,6708765
Bourgogne-Franche-Comté,27,1991,2710540
Bretagne,53,1991,2803483
Centre-Val-de-Loire,24,1991,2381407
Corse,94,1991,251659
France métropolitaine,FM,1991,56840661
Grand Est,44,1991,5288277
Guadeloupe,01,1991,354536
Guyane,03,1991,117327
Hauts-de-France,32,1991,5783059
La Réunion,04,1991,607837
Martinique,02,1991,359774
Normandie,28,1991,3139258
Nouvelle-Aquitaine,75,1991,5132928
Occitanie,76,1991,4580630
Pays de la Loire,52,1991,3071600
Provence-Alpes-Côte d'Azur,93,1991,4293499
Île-de-France,11,1991,10695556
Auvergne-Rhône-Alpes,84,1992,6750446
Bourgogne-Franche-Comté,27,1992,2715591
Bretagne,53,1992,2811473
Centre-Val-de-Loire,24,1992,2393043
Corse,94,1992,251698
France métropolitaine,FM,1992,57110533
Grand Est,44,1992,5303373
Guadeloupe,01,1992,357482
Guyane,03,1992,121469
Hauts-de-France,32,1992,5797478
La Réunion,04,1992,620333
Martinique,02,1992,361420
Normandie,28,1992,3151246
Nouvelle-Aquitaine,75,1992,5150556
Occitanie,76,1992,4615465
Pays de la Loire,52,1992,3090225
Provence-Alpes-Côte d'Azur,93,1992,4326663
Île-de-France,11,1992,10753276
Auvergne-Rhône-Alpes,84,1993,6790892
Bourgogne-Franche-Comté,27,1993,2720016
Bretagne,53,1993,2822722
Centre-Val-de-Loire,24,1993,2403487
Corse,94,1993,253595
France métropolitaine,FM,1993,57369161
Grand Est,44,1993,5323379
Guadeloupe,01,1993,360681
Guyane,03,1993,125786
Hauts-de-France,32,1993,5812705
La Réunion,04,1993,633030
Martinique,02,1993,363344
Normandie,28,1993,3162794
Nouvelle-Aquitaine,75,1993,5167099
Occitanie,76,1993,4651399
Pays de la Loire,52,1993,3110784
Provence-Alpes-Côte d'Azur,93,1993,4356875
Île-de-France,11,1993,10793414
Auvergne-Rhône-Alpes,84,1994,6812295
Bourgogne-Franche-Comté,27,1994,2722947
Bretagne,53,1994,2830583
Centre-Val-de-Loire,24,1994,2410394
Corse,94,1994,256977
France métropolitaine,FM,1994,57565008
Grand Est,44,1994,5339076
Guadeloupe,01,1994,364140
Guyane,03,1994,130282
Hauts-de-France,32,1994,5822230
La Réunion,04,1994,645093
Martinique,02,1994,365554
Normandie,28,1994,3171102
Nouvelle-Aquitaine,75,1994,5177699
Occitanie,76,1994,4676452
Pays de la Loire,52,1994,3128438
Provence-Alpes-Côte d'Azur,93,1994,4383592
Île-de-France,11,1994,10833223
Auvergne-Rhône-Alpes,84,1995,6837322
Bourgogne-Franche-Comté,27,1995,2727049
Bretagne,53,1995,2840680
Centre-Val-de-Loire,24,1995,2418315
Corse,94,1995,258416
France métropolitaine,FM,1995,57752535
Grand Est,44,1995,5353077
Guadeloupe,01,1995,367867
Guyane,03,1995,134968
Hauts-de-France,32,1995,5832496
La Réunion,04,1995,657162
Martinique,02,1995,368045
Normandie,28,1995,3179350
Nouvelle-Aquitaine,75,1995,5191946
Occitanie,76,1995,4703840
Pays de la Loire,52,1995,3145757
Provence-Alpes-Côte d'Azur,93,1995,4405312
Île-de-France,11,1995,10858975
Auvergne-Rhône-Alpes,84,1996,6862646
Bourgogne-Franche-Comté,27,1996,2728671
Bretagne,53,1996,2853664
Centre-Val-de-Loire,24,1996,2424326
Corse,94,1996,259168
France métropolitaine,FM,1996,57935959
Grand Est,44,1996,5364143
Guadeloupe,01,1996,371873
Guyane,03,1996,139848
Hauts-de-France,32,1996,5843500
La Réunion,04,1996,668915
Martinique,02,1996,370818
Normandie,28,1996,3185902
Nouvelle-Aquitaine,75,1996,5203511
Occitanie,76,1996,4736347
Pays de la Loire,52,1996,3164039
Provence-Alpes-Côte d'Azur,93,1996,4426194
Île-de-France,11,1996,10883848
Auvergne-Rhône-Alpes,84,1997,6890849
Bourgogne-Franche-Comté,27,1997,2729120
Bretagne,53,1997,2870354
Centre-Val-de-Loire,24,1997,2432034
Corse,94,1997,259097
France métropolitaine,FM,1997,58116018
Grand Est,44,1997,5374950
Guadeloupe,01,1997,376164
Guyane,03,1997,144937
Hauts-de-France,32,1997,5849947
La Réunion,04,1997,680185
Martinique,02,1997,373873
Normandie,28,1997,3192472
Nouvelle-Aquitaine,75,1997,5218947
Occitanie,76,1997,4769512
Pays de la Loire,52,1997,3182305
Provence-Alpes-Côte d'Azur,93,1997,4451004
Île-de-France,11,1997,10895427
Auvergne-Rhône-Alpes,84,1998,6918402
Bourgogne-Franche-Comté,27,1998,2729147
Bretagne,53,1998,2888237
Centre-Val-de-Loire,24,1998,2438205
Corse,94,1998,259466
France métropolitaine,FM,1998,58298962
Grand Est,44,1998,5378869
Guadeloupe,01,1998,380738
Guyane,03,1998,150242
Hauts-de-France,32,1998,5851772
La Réunion,04,1998,692184
Martinique,02,1998,377221
Normandie,28,1998,3198166
Nouvelle-Aquitaine,75,1998,5236483
Occitanie,76,1998,4807490
Pays de la Loire,52,1998,3200459
Provence-Alpes-Côte d'Azur,93,1998,4479644
Île-de-France,11,1998,10912622
Auvergne-Rhône-Alpes,84,1999,6949608
Bourgogne-Franche-Comté,27,1999,2728086
Bretagne,53,1999,2904075
Centre-Val-de-Loire,24,1999,2440295
Corse,94,1999,260152
France métropolitaine,FM,1999,58496613
Grand Est,44,1999,5387509
Guadeloupe,01,1999,385609
Guyane,03,1999,155760
Hauts-de-France,32,1999,5855448
La Réunion,04,1999,703820
Martinique,02,1999,380863
Normandie,28,1999,3202449
Nouvelle-Aquitaine,75,1999,5257954
Occitanie,76,1999,4842680
Pays de la Loire,52,1999,3219960
Provence-Alpes-Côte d'Azur,93,1999,4502385
Île-de-France,11,1999,10946012
Auvergne-Rhône-Alpes,84,2000,7000751
Bourgogne-Franche-Comté,27,2000,2734330
Bretagne,53,2000,2927612
Centre-Val-de-Loire,24,2000,2450121
Corse,94,2000,264539
France métropolitaine,FM,2000,58858198
Grand Est,44,2000,5400871
Guadeloupe,01,2000,388045
Guyane,03,2000,162018
Hauts-de-France,32,2000,5860802
La Réunion,04,2000,716314
Martinique,02,2000,383575
Normandie,28,2000,3211503
Nouvelle-Aquitaine,75,2000,5296850
Occitanie,76,2000,4900326
Pays de la Loire,52,2000,3248994
Provence-Alpes-Côte d'Azur,93,2000,4541508
Île-de-France,11,2000,11019991
Auvergne-Rhône-Alpes,84,2001,7057821
Bourgogne-Franche-Comté,27,2001,2742346
Bretagne,53,2001,2954324
Centre-Val-de-Loire,24,2001,2461778
Corse,94,2001,269273
France métropolitaine,FM,2001,59266572
Grand Est,44,2001,5416747
Guadeloupe,01,2001,390672
Guyane,03,2001,168614
Hauts-de-France,32,2001,5869901
La Réunion,04,2001,729010
Martinique,02,2001,386542
Normandie,28,2001,3221806
Nouvelle-Aquitaine,75,2001,5340843
Occitanie,76,2001,4962851
Pays de la Loire,52,2001,3281679
Provence-Alpes-Côte d'Azur,93,2001,4584379
Île-de-France,11,2001,11102824
Auvergne-Rhône-Alpes,84,2002,7115944
Bourgogne-Franche-Comté,27,2002,2749892
Bretagne,53,2002,2981765
Centre-Val-de-Loire,24,2002,2472978
Corse,94,2002,274093
France métropolitaine,FM,2002,59685899
Grand Est,44,2002,5432715
Guadeloupe,01,2002,393024
Guyane,03,2002,176638
Hauts-de-France,32,2002,5879893
La Réunion,04,2002,740207
Martinique,02,2002,389302
Normandie,28,2002,3231900
Nouvelle-Aquitaine,75,2002,5386308
Occitanie,76,2002,5030703
Pays de la Loire,52,2002,3314649
Provence-Alpes-Côte d'Azur,93,2002,4629496
Île-de-France,11,2002,11185563
Auvergne-Rhône-Alpes,84,2003,7173919
Bourgogne-Franche-Comté,27,2003,2756739
Bretagne,53,2003,3009249
Centre-Val-de-Loire,24,2003,2484288
Corse,94,2003,279027
France métropolitaine,FM,2003,60101841
Grand Est,44,2003,5446445
Guadeloupe,01,2003,394881
Guyane,03,2003,184792
Hauts-de-France,32,2003,5887707
La Réunion,04,2003,750840
Martinique,02,2003,391676
Normandie,28,2003,3240840
Nouvelle-Aquitaine,75,2003,5431745
Occitanie,76,2003,5099077
Pays de la Loire,52,2003,3347675
Provence-Alpes-Côte d'Azur,93,2003,4675056
Île-de-France,11,2003,11270074
Auvergne-Rhône-Alpes,84,2004,7231833
Bourgogne-Franche-Comté,27,2004,2762934
Bretagne,53,2004,3037077
Centre-Val-de-Loire,24,2004,2494279
Corse,94,2004,283972
France métropolitaine,FM,2004,60505421
Grand Est,44,2004,5458878
Guadeloupe,01,2004,396992
Guyane,03,2004,193167
Hauts-de-France,32,2004,5893957
La Réunion,04,2004,761630
Martinique,02,2004,393852
Normandie,28,2004,3249220
Nouvelle-Aquitaine,75,2004,5476513
Occitanie,76,2004,5167552
Pays de la Loire,52,2004,3379784
Provence-Alpes-Côte d'Azur,93,2004,4719132
Île-de-France,11,2004,11350290
Auvergne-Rhône-Alpes,84,2005,7295515
Bourgogne-Franche-Comté,27,2005,2771934
Bretagne,53,2005,3066585
Centre-Val-de-Loire,24,2005,2507246
Corse,94,2005,289092
France métropolitaine,FM,2005,60963264
Grand Est,44,2005,5475270
Guadeloupe,01,2005,399178
Guyane,03,2005,199206
Hauts-de-France,32,2005,5904641
La Réunion,04,2005,772907
Martinique,02,2005,395982
Normandie,28,2005,3259102
Nouvelle-Aquitaine,75,2005,5526990
Occitanie,76,2005,5240791
Pays de la Loire,52,2005,3415391
Provence-Alpes-Côte d'Azur,93,2005,4768564
Île-de-France,11,2005,11442143
Auvergne-Rhône-Alpes,84,2006,7357284
Bourgogne-Franche-Comté,27,2006,2779461
Bretagne,53,2006,3094534
Centre-Val-de-Loire,24,2006,2519567
Corse,94,2006,294118
France métropolitaine,FM,2006,61399733
Grand Est,44,2006,5490092
Guadeloupe,01,2006,400736
Guyane,03,2006,205954
Hauts-de-France,32,2006,5912999
La Réunion,04,2006,781962
Martinique,02,2006,397732
Normandie,28,2006,3267848
Nouvelle-Aquitaine,75,2006,5574821
Occitanie,76,2006,5310966
Pays de la Loire,52,2006,3450413
Provence-Alpes-Côte d'Azur,93,2006,4815232
Île-de-France,11,2006,11532398
Auvergne-Rhône-Alpes,84,2007,7405206
Bourgogne-Franche-Comté,27,2007,2792562
Bretagne,53,2007,3120288
Centre-Val-de-Loire,24,2007,2526919
Corse,94,2007,299209
France métropolitaine,FM,2007,61795238
Grand Est,44,2007,5506616
Guadeloupe,01,2007,400584
Guyane,03,2007,213031
Hauts-de-France,32,2007,5922030
La Réunion,04,2007,794107
Martinique,02,2007,397730
Normandie,28,2007,3278145
Nouvelle-Aquitaine,75,2007,5627671
Occitanie,76,2007,5371117
Pays de la Loire,52,2007,3482594
Provence-Alpes-Côte d'Azur,93,2007,4864015
Île-de-France,11,2007,11598866
Auvergne-Rhône-Alpes,84,2008,7459092
Bourgogne-Franche-Comté,27,2008,2802519
Bretagne,53,2008,3149701
Centre-Val-de-Loire,24,2008,2531588
Corse,94,2008,302966
France métropolitaine,FM,2008,62134866
Grand Est,44,2008,5521452
Guadeloupe,01,2008,401784
Guyane,03,2008,219266
Hauts-de-France,32,2008,5931091
La Réunion,04,2008,808250
Martinique,02,2008,397693
Normandie,28,2008,3293092
Nouvelle-Aquitaine,75,2008,5671076
Occitanie,76,2008,5419946
Pays de la Loire,52,2008,3510170
Provence-Alpes-Côte d'Azur,93,2008,4882913
Île-de-France,11,2008,11659260
Auvergne-Rhône-Alpes,84,2009,7518004
Bourgogne-Franche-Comté,27,2009,2810648
Bretagne,53,2009,3175064
Centre-Val-de-Loire,24,2009,2538590
Corse,94,2009,305674
France métropolitaine,FM,2009,62465709
Grand Est,44,2009,5531118
Guadeloupe,01,2009,401554
Guyane,03,2009,224469
Hauts-de-France,32,2009,5944354
La Réunion,04,2009,816364
Martinique,02,2009,396404
Normandie,28,2009,3303822
Nouvelle-Aquitaine,75,2009,5708497
Occitanie,76,2009,5473597
Pays de la Loire,52,2009,3539048
Provence-Alpes-Côte d'Azur,93,2009,4889053
Île-de-France,11,2009,11728240
Auvergne-Rhône-Alpes,84,2010,7578078
Bourgogne-Franche-Comté,27,2010,2813878
Bretagne,53,2010,3199066
Centre-Val-de-Loire,24,2010,2548065
Corse,94,2010,309693
France métropolitaine,FM,2010,62765235
Grand Est,44,2010,5532530
Guadeloupe,01,2010,403355
Guyane,03,2010,229040
Hauts-de-France,32,2010,5953001
La Réunion,04,2010,821136
Martinique,02,2010,394173
Normandie,28,2010,3310448
Nouvelle-Aquitaine,75,2010,5745486
Occitanie,76,2010,5518106
Pays de la Loire,52,2010,3571495
Provence-Alpes-Côte d'Azur,93,2010,4899155
Île-de-France,11,2010,11786234
Auvergne-Rhône-Alpes,84,2011,7634223
Bourgogne-Franche-Comté,27,2011,2816174
Bretagne,53,2011,3217767
Centre-Val-de-Loire,24,2011,2556835
Corse,94,2011,314486
France métropolitaine,FM,2011,63070344
Grand Est,44,2011,5539035
Guadeloupe,01,2011,404635
Guyane,03,2011,237549
Hauts-de-France,32,2011,5960170
La Réunion,04,2011,828581
Martinique,02,2011,392291
Normandie,28,2011,3315077
Nouvelle-Aquitaine,75,2011,5773078
Occitanie,76,2011,5573466
Pays de la Loire,52,2011,3601113
Provence-Alpes-Côte d'Azur,93,2011,4916069
Île-de-France,11,2011,11852851
Auvergne-Rhône-Alpes,84,2012,7695264
Bourgogne-Franche-Comté,27,2012,2816814
Bretagne,53,2012,3237097
Centre-Val-de-Loire,24,2012,2563586
Corse,94,2012,316257
France métropolitaine,FM,2012,63375971
Grand Est,44,2012,5548955
Guadeloupe,01,2012,403314
Guyane,03,2012,239648
Hauts-de-France,32,2012,5973098
La Réunion,04,2012,833944
Martinique,02,2012,388364
Normandie,28,2012,3322756
Nouvelle-Aquitaine,75,2012,5808594
Occitanie,76,2012,5626858
Pays de la Loire,52,2012,3632614
Provence-Alpes-Côte d'Azur,93,2012,4935576
Île-de-France,11,2012,11898502
Auvergne-Rhône-Alpes,84,2013,7757595
Bourgogne-Franche-Comté,27,2013,2819783
Bretagne,53,2013,3258707
Centre-Val-de-Loire,24,2013,2570548
Corse,94,2013,320208
France métropolitaine,FM,2013,63697865
Grand Est,44,2013,5552388
Guadeloupe,01,2013,402119
Guyane,03,2013,244118
Hauts-de-France,32,2013,5987883
La Réunion,04,2013,835103
Martinique,02,2013,385551
Normandie,28,2013,3328364
Nouvelle-Aquitaine,75,2013,5844177
Occitanie,76,2013,5683878
Pays de la Loire,52,2013,3660852
Provence-Alpes-Côte d'Azur,93,2013,4953675
Île-de-France,11,2013,11959807
Auvergne-Rhône-Alpes,84,2014,7820966
Bourgogne-Franche-Comté,27,2014,2820623
Bretagne,53,2014,3276543
Centre-Val-de-Loire,24,2014,2577435
Corse,94,2014,324212
France métropolitaine,FM,2014,64027958
Grand Est,44,2014,5554645
Guadeloupe,01,2014,400186
Guyane,03,2014,252338
Hauts-de-France,32,2014,6006156
La Réunion,04,2014,842767
Martinique,02,2014,383911
Mayotte,06,2014,223713
Normandie,28,2014,3335645
Nouvelle-Aquitaine,75,2014,5879144
Occitanie,76,2014,5730753
Pays de la Loire,52,2014,3690833
Provence-Alpes-Côte d'Azur,93,2014,4983438
Île-de-France,11,2014,12027565
Auvergne-Rhône-Alpes,84,2015,7877698
Bourgogne-Franche-Comté,27,2015,2820940
Bretagne,53,2015,3293850
Centre-Val-de-Loire,24,2015,2578592
Corse,94,2015,327283
France métropolitaine,FM,2015,64300821
Grand Est,44,2015,5559051
Guadeloupe,01,2015,397990
Guyane,03,2015,259865
Hauts-de-France,32,2015,6009976
La Réunion,04,2015,850727
Martinique,02,2015,380877
Mayotte,06,2015,232189
Normandie,28,2015,3339131
Nouvelle-Aquitaine,75,2015,5911482
Occitanie,76,2015,5774185
Pays de la Loire,52,2015,3718512
Provence-Alpes-Côte d'Azur,93,2015,5007977
Île-de-France,11,2015,12082144
Auvergne-Rhône-Alpes,84,2016,7916889
Bourgogne-Franche-Comté,27,2016,2818338
Bretagne,53,2016,3306529
Centre-Val-de-Loire,24,2016,2577866
Corse,94,2016,330455
France métropolitaine,FM,2016,64468792
Grand Est,44,2016,5555186
Guadeloupe,01,2016,394110
Guyane,03,2016,269352
Hauts-de-France,32,2016,6006870
La Réunion,04,2016,852924
Martinique,02,2016,376480
Mayotte,06,2016,240987
Normandie,28,2016,3335929
Nouvelle-Aquitaine,75,2016,5935603
Occitanie,76,2016,5808435
Pays de la Loire,52,2016,3737632
Provence-Alpes-Côte d'Azur,93,2016,5021928
Île-de-France,11,2016,12117132
Auvergne-Rhône-Alpes,84,2017,7948287
Bourgogne-Franche-Comté,27,2017,2811423
Bretagne,53,2017,3318904
Centre-Val-de-Loire,24,2017,2576252
Corse,94,2017,334938
France métropolitaine,FM,2017,64639133
Grand Est,44,2017,5549586
Guadeloupe,01,2017,390253
Guyane,03,2017,268700
Hauts-de-France,32,2017,6003815
La Réunion,04,2017,853659
Martinique,02,2017,372594
Mayotte,06,2017,250143
Normandie,28,2017,3330478
Nouvelle-Aquitaine,75,2017,5956978
Occitanie,76,2017,5845102
Pays de la Loire,52,2017,3757600
Provence-Alpes-Côte d'Azur,93,2017,5030890
Île-de-France,11,2017,12174880
Auvergne-Rhône-Alpes,84,2018,7994459
Bourgogne-Franche-Comté,27,2018,2807807
Bretagne,53,2018,3335414
Centre-Val-de-Loire,24,2018,2572853
Corse,94,2018,338554
France métropolitaine,FM,2018,64844037
Grand Est,44,2018,5550389
Guadeloupe,01,2018,387629
Guyane,03,2018,276128
Hauts-de-France,32,2018,6004108
La Réunion,04,2018,855961
Martinique,02,2018,368783
Mayotte,06,2018,259621
Normandie,28,2018,3327477
Nouvelle-Aquitaine,75,2018,5979778
Occitanie,76,2018,5885496
Pays de la Loire,52,2018,3781423
Provence-Alpes-Côte d'Azur,93,2018,5052832
Île-de-France,11,2018,12213447
Auvergne-Rhône-Alpes,84,2019,8042936
Bourgogne-Franche-Comté,27,2019,2805580
Bretagne,53,2019,3354854
Centre-Val-de-Loire,24,2019,2573180
Corse,94,2019,340440
France métropolitaine,FM,2019,65096768
Grand Est,44,2019,5556219
Guadeloupe,01,2019,384239
Guyane,03,2019,281678
Hauts-de-France,32,2019,6004947
La Réunion,04,2019,861210
Martinique,02,2019,364508
Mayotte,06,2019,269579
Normandie,28,2019,3325032
Nouvelle-Aquitaine,75,2019,6010289
Occitanie,76,2019,5933185
Pays de la Loire,52,2019,3806461
Provence-Alpes-Côte d'Azur,93,2019,5081101
Île-de-France,11,2019,12262544
Auvergne-Rhône-Alpes,84,2020,8078652
Bourgogne-Franche-Comté,27,2020,2801695
Bretagne,53,2020,3373835
Centre-Val-de-Loire,24,2020,2574863
Corse,94,2020,343701
France métropolitaine,FM,2020,65269154
Grand Est,44,2020,5562651
Guadeloupe,01,2020,383559
Guyane,03,2020,285133
Hauts-de-France,32,2020,5997734
La Réunion,04,2020,863083
Martinique,02,2020,361225
Mayotte,06,2020,279696
Normandie,28,2020,3325522
Nouvelle-Aquitaine,75,2020,6033952
Occitanie,76,2020,5973969
Pays de la Loire,52,2020,3832120
Provence-Alpes-Côte d'Azur,93,2020,5098666
Île-de-France,11,2020,12271794
Auvergne-Rhône-Alpes,84,2021,8114361
Bourgogne-Franche-Comté,27,2021,2800194
Bretagne,53,2021,3394567
Centre-Val-de-Loire,24,2021,2573303
Corse,94,2021,347597
France métropolitaine,FM,2021,65505213
Grand Est,44,2021,5561287
Guadeloupe,01,2021,384315
Guyane,03,2021,286618
Hauts-de-France,32,2021,5995292
La Réunion,04,2021,871157
Martinique,02,2021,360749
Mayotte,06,2021,289039
Normandie,28,2021,3327966
Nouvelle-Aquitaine,75,2021,6069352
Occitanie,76,2021,6022176
Pays de la Loire,52,2021,3853999
Provence-Alpes-Côte d'Azur,93,2021,5127840
Île-de-France,11,2021,12317279
Auvergne-Rhône-Alpes,84,2022,8163884
Bourgogne-Franche-Comté,27,2022,2803977
Bretagne,53,2022,3422845
Centre-Val-de-Loire,24,2022,2581597
Corse,94,2022,351276
France métropolitaine,FM,2022,65846255
Grand Est,44,2022,5560079
Guadeloupe,01,2022,383569
Guyane,03,2022,288382
Hauts-de-France,32,2022,5998916
La Réunion,04,2022,881348
Martinique,02,2022,361019
Mayotte,06,2022,299634
Normandie,28,2022,3339074
Nouvelle-Aquitaine,75,2022,6113384
Occitanie,76,2022,6080731
Pays de la Loire,52,2022,3879216
Provence-Alpes-Côte d'Azur,93,2022,5170312
Île-de-France,11,2022,12380964
Auvergne-Rhône-Alpes,84,2023,8196436
Bourgogne-Franche-Comté,27,2023,2800234
Bretagne,53,2023,3440248
Centre-Val-de-Loire,24,2023,2581716
Corse,94,2023,354266
France métropolitaine,FM,2023,66017385
Grand Est,44,2023,5554472
Guadeloupe,01,2023,382733
Guyane,03,2023,290110
Hauts-de-France,32,2023,5990292
La Réunion,04,2023,886453
Martinique,02,2023,359202
Mayotte,06,2023,310199
Normandie,28,2023,3339522
Nouvelle-Aquitaine,75,2023,6138814
Occitanie,76,2023,6121253
Pays de la Loire,52,2023,3898424
Provence-Alpes-Côte d'Azur,93,2023,5194349
Île-de-France,11,2023,12407359
Auvergne-Rhône-Alpes,84,2024,8228802
Bourgogne-Franche-Comté,27,2024,2797160
Bretagne,53,2024,3458588
Centre-Val-de-Loire,24,2024,2582015
Corse,94,2024,357237
France métropolitaine,FM,2024,66192959
Grand Est,44,2024,5549724
Guadeloupe,01,2024,381909
Guyane,03,2024,291774
Hauts-de-France,32,2024,5982538
La Réunion,04,2024,892102
Martinique,02,2024,357590
Mayotte,06,2024,320282
Normandie,28,2024,3341043
Nouvelle-Aquitaine,75,2024,6166602
Occitanie,76,2024,6162302
Pays de la Loire,52,2024,3918256
Provence-Alpes-Côte d'Azur,93,2024,5218341
Île-de-France,11,2024,12430351
Auvergne-Rhône-Alpes,84,2025,8260096
Bourgogne-Franche-Comté,27,2025,2793080
Bretagne,53,2025,3475895
Centre-Val-de-Loire,24,2025,2581479
Corse,94,2025,360162
France métropolitaine,FM,2025,66351959
Grand Est,44,2025,5544051
Guadeloupe,01,2025,380387
Guyane,03,2025,292354
Hauts-de-France,32,2025,5973933
La Réunion,04,2025,896175
Martinique,02,2025,355459
Mayotte,06,2025,329282
Normandie,28,2025,3341312
Nouvelle-Aquitaine,75,2025,6191209
Occitanie,76,2025,6201587
Pays de la Loire,52,2025,3936719
Provence-Alpes-Côte d'Azur,93,2025,5241587
Île-de-France,11,2025,12450849
