creations_per_1000,Pourcentage_diplomes_superieur,Taux de chômage par région,variation_population_pourcentage,densité de population,TIME_PERIOD,region_nom
12.05,32.13,8.875,0.45,1001.09,2015,Île-de-France
13.67,32.13,8.65,0.29,1003.99,2016,Île-de-France
15.13,32.13,8.15,0.48,1008.77,2017,Île-de-France
17.69,32.13,7.9,0.32,1011.97,2018,Île-de-France
20.09,32.13,7.4,0.4,1016.04,2019,Île-de-France
20.8,32.13,7.325,0.08,1016.8,2020,Île-de-France
22.86,32.13,7.5,0.37,1020.57,2021,Île-de-France
23.33,32.13,6.925,0.52,1025.85,2022,Île-de-France
23.83,32.13,6.925,0.21,1028.04,2023,Île-de-France
25.14,32.13,7.0,0.19,1029.94,2024,Île-de-France
6.23,12.13,9.675,0.04,65.23,2015,Centre-Val de Loire
6.43,12.13,9.55,-0.03,65.21,2016,Centre-Val de Loire
6.81,12.13,8.85,-0.06,65.17,2017,Centre-Val de Loire
7.8,12.13,8.475,-0.13,65.09,2018,Centre-Val de Loire
8.96,12.13,8.05,0.01,65.09,2019,Centre-Val de Loire
9.53,12.13,7.4,0.07,65.14,2020,Centre-Val de Loire
11.57,12.13,7.125,-0.06,65.1,2021,Centre-Val de Loire
11.54,12.13,6.775,0.32,65.31,2022,Centre-Val de Loire
11.45,12.13,6.8,0.0,65.31,2023,Centre-Val de Loire
12.09,12.13,6.875,0.01,65.32,2024,Centre-Val de Loire
6.29,11.56,9.325,0.01,58.7,2015,Bourgogne-Franche-Comté
6.53,11.56,9.0,-0.09,58.64,2016,Bourgogne-Franche-Comté
7.05,11.56,8.2,-0.25,58.5,2017,Bourgogne-Franche-Comté
7.8,11.56,7.725,-0.13,58.42,2018,Bourgogne-Franche-Comté
9.0,11.56,7.4,-0.08,58.38,2019,Bourgogne-Franche-Comté
9.74,11.56,6.925,-0.14,58.3,2020,Bourgogne-Franche-Comté
11.24,11.56,6.625,-0.05,58.27,2021,Bourgogne-Franche-Comté
10.97,11.56,6.25,0.14,58.34,2022,Bourgogne-Franche-Comté
11.15,11.56,6.4,-0.13,58.27,2023,Bourgogne-Franche-Comté
11.9,11.56,6.55,-0.11,58.2,2024,Bourgogne-Franche-Comté
5.75,11.37,10.25,0.1,110.79,2015,Normandie
6.07,11.37,10.05,-0.1,110.68,2016,Normandie
6.55,11.37,9.35,-0.16,110.5,2017,Normandie
7.57,11.37,8.9,-0.09,110.4,2018,Normandie
8.74,11.37,8.225,-0.07,110.32,2019,Normandie
9.44,11.37,7.925,0.01,110.34,2020,Normandie
10.98,11.37,7.55,0.07,110.42,2021,Normandie
10.63,11.37,6.825,0.33,110.79,2022,Normandie
10.67,11.37,6.825,0.01,110.8,2023,Normandie
11.18,11.37,7.05,0.05,110.85,2024,Normandie
5.76,11.84,12.575,0.06,188.19,2015,Hauts-de-France
6.06,11.84,12.2,-0.05,188.1,2016,Hauts-de-France
6.54,11.84,11.625,-0.05,188.0,2017,Hauts-de-France
7.47,11.84,11.2,0.0,188.01,2018,Hauts-de-France
8.91,11.84,10.4,0.01,188.04,2019,Hauts-de-France
9.44,11.84,9.625,-0.12,187.81,2020,Hauts-de-France
11.23,11.84,9.35,-0.04,187.73,2021,Hauts-de-France
10.99,11.84,8.8,0.06,187.85,2022,Hauts-de-France
10.83,11.84,9.025,-0.14,187.58,2023,Hauts-de-France
11.69,11.84,9.0,-0.13,187.33,2024,Hauts-de-France
6.07,12.96,10.25,0.08,96.3,2015,Grand Est
6.47,12.96,9.925,-0.07,96.24,2016,Grand Est
6.96,12.96,9.225,-0.1,96.14,2017,Grand Est
7.73,12.96,8.6,0.01,96.15,2018,Grand Est
8.87,12.96,8.125,0.11,96.25,2019,Grand Est
9.56,12.96,7.775,0.12,96.36,2020,Grand Est
11.64,12.96,7.65,-0.02,96.34,2021,Grand Est
11.46,12.96,7.05,-0.02,96.32,2022,Grand Est
11.33,12.96,7.15,-0.1,96.22,2023,Grand Est
12.08,12.96,7.225,-0.09,96.14,2024,Grand Est
6.7,13.86,8.95,0.75,114.66,2015,Pays de la Loire
6.91,13.86,8.5,0.51,115.25,2016,Pays de la Loire
7.57,13.86,7.775,0.53,115.87,2017,Pays de la Loire
8.11,13.86,7.375,0.63,116.6,2018,Pays de la Loire
9.55,13.86,7.05,0.66,117.37,2019,Pays de la Loire
9.93,13.86,7.025,0.67,118.17,2020,Pays de la Loire
12.02,13.86,6.55,0.57,118.84,2021,Pays de la Loire
12.01,13.86,5.9,0.65,119.62,2022,Pays de la Loire
11.52,13.86,5.75,0.5,120.21,2023,Pays de la Loire
12.05,13.86,5.875,0.51,120.82,2024,Pays de la Loire
6.55,14.97,8.9,0.53,119.79,2015,Bretagne
6.71,14.97,8.65,0.38,120.25,2016,Bretagne
7.15,14.97,7.925,0.37,120.7,2017,Bretagne
8.0,14.97,7.525,0.5,121.3,2018,Bretagne
9.06,14.97,7.025,0.58,122.0,2019,Bretagne
9.13,14.97,6.825,0.57,122.69,2020,Bretagne
11.25,14.97,6.4,0.61,123.45,2021,Bretagne
11.42,14.97,5.825,0.83,124.48,2022,Bretagne
11.22,14.97,5.925,0.51,125.11,2023,Bretagne
12.04,14.97,5.95,0.53,125.78,2024,Bretagne
8.43,14.41,9.725,0.55,69.75,2015,Nouvelle-Aquitaine
8.67,14.41,9.45,0.41,70.04,2016,Nouvelle-Aquitaine
9.55,14.41,8.775,0.36,70.29,2017,Nouvelle-Aquitaine
10.74,14.41,8.325,0.38,70.56,2018,Nouvelle-Aquitaine
12.16,14.41,7.75,0.51,70.92,2019,Nouvelle-Aquitaine
12.41,14.41,7.375,0.39,71.2,2020,Nouvelle-Aquitaine
14.67,14.41,7.075,0.59,71.62,2021,Nouvelle-Aquitaine
14.56,14.41,6.5,0.73,72.14,2022,Nouvelle-Aquitaine
14.19,14.41,6.4,0.42,72.44,2023,Nouvelle-Aquitaine
14.94,14.41,6.6,0.45,72.76,2024,Nouvelle-Aquitaine
9.48,17.03,12.075,0.76,78.7,2015,Occitanie
9.89,17.03,11.7,0.59,79.17,2016,Occitanie
10.42,17.03,10.925,0.63,79.67,2017,Occitanie
11.55,17.03,10.475,0.69,80.22,2018,Occitanie
13.46,17.03,9.9,0.81,80.87,2019,Occitanie
13.82,17.03,9.375,0.69,81.43,2020,Occitanie
16.23,17.03,9.275,0.81,82.08,2021,Occitanie
15.85,17.03,8.675,0.97,82.88,2022,Occitanie
15.75,17.03,8.725,0.67,83.43,2023,Occitanie
16.63,17.03,8.8,0.67,83.99,2024,Occitanie
8.55,18.03,8.975,0.73,110.74,2015,Auvergne-Rhône-Alpes
9.0,18.03,8.775,0.5,111.3,2016,Auvergne-Rhône-Alpes
9.91,18.03,8.125,0.4,111.74,2017,Auvergne-Rhône-Alpes
11.14,18.03,7.725,0.58,112.39,2018,Auvergne-Rhône-Alpes
13.21,18.03,7.3,0.61,113.07,2019,Auvergne-Rhône-Alpes
13.6,18.03,7.1,0.44,113.57,2020,Auvergne-Rhône-Alpes
15.31,18.03,6.925,0.44,114.07,2021,Auvergne-Rhône-Alpes
15.39,18.03,6.225,0.61,114.77,2022,Auvergne-Rhône-Alpes
14.74,18.03,6.275,0.4,115.23,2023,Auvergne-Rhône-Alpes
15.81,18.03,6.35,0.39,115.68,2024,Auvergne-Rhône-Alpes
11.51,18.13,11.5,0.49,157.29,2015,Provence-Alpes-Côte d'Azur
11.94,18.13,11.25,0.28,157.72,2016,Provence-Alpes-Côte d'Azur
12.72,18.13,10.7,0.18,158.01,2017,Provence-Alpes-Côte d'Azur
14.57,18.13,10.3,0.44,158.69,2018,Provence-Alpes-Côte d'Azur
16.55,18.13,9.6,0.56,159.58,2019,Provence-Alpes-Côte d'Azur
16.98,18.13,9.075,0.35,160.13,2020,Provence-Alpes-Côte d'Azur
20.84,18.13,8.875,0.57,161.05,2021,Provence-Alpes-Côte d'Azur
21.37,18.13,8.15,0.83,162.38,2022,Provence-Alpes-Côte d'Azur
19.86,18.13,8.025,0.46,163.14,2023,Provence-Alpes-Côte d'Azur
20.35,18.13,7.9,0.46,163.89,2024,Provence-Alpes-Côte d'Azur
11.6,12.53,10.425,0.95,37.52,2015,Corse
12.16,12.53,10.0,0.97,37.89,2016,Corse
12.78,12.53,9.425,1.36,38.4,2017,Corse
13.62,12.53,8.8,1.08,38.82,2018,Corse
15.35,12.53,8.075,0.56,39.03,2019,Corse
14.39,12.53,7.85,0.96,39.41,2020,Corse
16.73,12.53,6.725,1.13,39.85,2021,Corse
17.33,12.53,6.1,1.06,40.27,2022,Corse
17.47,12.53,6.375,0.85,40.62,2023,Corse
18.26,12.53,6.475,0.84,40.96,2024,Corse
